着順,枠番,馬番,馬名,性齢,斤量,騎手,タイム,着差,単勝,人気,馬体重,調教師,race_id
1,7,14,サンディブロンド,牝3,55.0,戸崎圭太,1:12.6,,4.2,3.0,466(-12),[東] 田中博康,202406010101
2,4,7,マイネルディレクト,牡3,57.0,丹内祐次,1:12.8,1,8.4,5.0,496(+6),[東] 高橋裕,202406010101
3,8,16,セイウンチドリ,牝3,55.0,三浦皇成,1:13.2,2.1/2,15.3,6.0,446(-6),[東] 村田一誠,202406010101
4,2,4,グリントリッター,セ3,57.0,石川裕紀,1:13.2,クビ,3.9,2.0,420(+2),[東] 深山雅史,202406010101
5,6,12,マニーブルース,牡3,57.0,吉田豊,1:13.3,1,50.9,9.0,458(+4),[東] 小手川準,202406010101
6,8,15,ニシノリピート,牝3,55.0,田辺裕信,1:13.7,2.1/2,42.5,8.0,462(0),[東] 小島茂之,202406010101
7,1,2,ミッキードラマー,牡3,57.0,菊沢一樹,1:13.7,クビ,7.8,4.0,528(+4),[東] 菊沢隆徳,202406010101
8,6,11,イデアガウディ,牡3,57.0,横山武史,1:13.9,3/4,3.3,1.0,484(+6),[東] 中野栄治,202406010101
9,5,9,サナダ,牡3,56.0,佐々木大,1:14.1,1.1/2,15.8,7.0,486(0),[東] 杉浦宏昭,202406010101
10,7,13,クインタレッリ,牡3,56.0,永野猛蔵,1:14.6,3,125.7,12.0,502(+10),[東] 尾形和幸,202406010101
11,5,10,ダイシンペルル,牝3,55.0,大野拓弥,1:14.8,1.1/4,269.0,14.0,468(+6),[東] 小笠倫弘,202406010101
12,4,8,スターリーアイド,牡3,53.0,小林美駒,1:14.9,アタマ,84.6,10.0,440(+8),[東] 鈴木伸尋,202406010101
13,3,5,ラスジャン,牡3,57.0,内田博幸,1:15.3,2.1/2,107.1,11.0,460(-4),[東] 上原博之,202406010101
14,2,3,エテルノアキーロ,牡3,57.0,黛弘人,1:16.2,5,422.9,16.0,456(-4),[東] 中野栄治,202406010101
15,3,6,ツクバアプローズ,牝3,55.0,柴田大知,1:16.2,クビ,235.8,13.0,476(+8),[東] 和田雄二,202406010101
16,1,1,コーストガード,牡3,54.0,佐藤翔馬,1:16.8,3.1/2,421.5,15.0,470(+2),[東] 青木孝文,202406010101
1,6,12,ファイントパーズ,牝3,51.0,小林美駒,1:56.0,,7.3,3.0,460(-10),[東] 鈴木伸尋,202406010102
2,4,7,ゴールドアローン,牝3,55.0,野中悠太,1:56.4,2,43.3,8.0,456(-2),[東] 青木孝文,202406010102
3,6,11,カフェアローロ,牝3,54.0,永野猛蔵,1:56.4,アタマ,14.7,5.0,494(+4),[東] 古賀慎明,202406010102
4,7,14,カピリナ,牝3,55.0,戸崎圭太,1:56.5,1/2,3.0,2.0,468(-8),[東] 田島俊明,202406010102
5,3,6,セージグリーン,牝3,54.0,佐々木大,1:56.7,1.1/4,2.1,1.0,472(-6),[東] 菊川正達,202406010102
6,3,5,ビーナスライズ,牝3,54.0,原優介,1:56.9,1.1/4,10.8,4.0,480(-4),[東] 小手川準,202406010102
7,5,9,ラブショック,牝3,52.0,水沼元輝,1:57.1,1,216.8,14.0,470(+8),[東] 加藤和宏,202406010102
8,4,8,ファーマシャイン,牝3,52.0,小林勝太,1:58.9,大,505.5,16.0,440(-2),[東] 武井亮,202406010102
9,8,15,マツリボタン,牝3,53.0,小林凌大,1:59.3,2.1/2,125.9,11.0,450(-2),[東] 伊藤圭三,202406010102
10,5,10,アートハラン,牝3,55.0,キング,1:59.6,1.3/4,102.7,10.0,442(+4),[東] 大竹正博,202406010102
11,1,1,マーゴットエクラ,牝3,55.0,丸田恭介,1:59.7,クビ,152.8,12.0,458(-2),[東] 伊坂重信,202406010102
12,2,4,クインズスピカ,牝3,55.0,江田照男,2:00.2,3,18.1,6.0,466(+12),[東] 村田一誠,202406010102
13,8,16,ウインアリス,牝3,55.0,キングス,2:00.8,3.1/2,28.2,7.0,460(+8),[東] 上原博之,202406010102
14,2,3,ミルフルール,牝3,55.0,伊藤工真,2:00.8,ハナ,361.9,15.0,482(-4),[東] 伊坂重信,202406010102
15,7,13,オーシンダイヤ,牝3,55.0,津村明秀,2:01.7,5,177.4,13.0,448(-6),[東] 鈴木慎太,202406010102
16,1,2,ニシノフルール,牝3,55.0,大野拓弥,2:03.2,9,49.5,9.0,460(0),[東] 杉浦宏昭,202406010102
1,8,15,フェデラルスタイル,牝3,55.0,津村明秀,1:13.5,,11.2,5.0,388(0),[東] 鈴木伸尋,202406010103
2,6,12,マンウォル,牝3,55.0,菊沢一樹,1:13.5,ハナ,7.7,4.0,434(0),[東] 菊沢隆徳,202406010103
3,3,5,ミューシグ,牝3,55.0,黛弘人,1:13.9,2,121.5,14.0,472(0),[東] 南田美知,202406010103
4,2,4,ジェットブレイク,牡3,57.0,内田博幸,1:13.9,クビ,16.3,6.0,488(0),[東] 斎藤誠,202406010103
5,4,8,ヒカルエリザベス,牝3,55.0,的場勇人,1:14.2,1.3/4,66.2,12.0,478(0),[東] 的場均,202406010103
6,5,10,マンマミーア,牡3,57.0,柴田大知,1:14.5,1.1/2,4.9,3.0,466(0),[東] 深山雅史,202406010103
7,6,11,ニシノデスティーノ,セ3,55.0,小林脩斗,1:14.6,1/2,38.8,9.0,468(0),[東] 武藤善則,202406010103
8,2,3,ケイティブルーム,牝3,52.0,小林勝太,1:14.7,3/4,88.8,13.0,444(0),[東] 小野次郎,202406010103
9,8,16,ホウオウバラード,牡3,57.0,吉田豊,1:14.7,クビ,18.4,7.0,408(0),[東] 田島俊明,202406010103
10,5,9,ビアメントブラスト,牝3,55.0,木幡巧也,1:14.7,ハナ,37.8,8.0,448(0),[東] 本間忍,202406010103
11,4,7,ソウテンノヒカリ,牡3,55.0,藤田菜七,1:15.1,2.1/2,3.0,1.0,470(0),[東] 小笠倫弘,202406010103
12,7,13,ユズノキ,牝3,55.0,ピーヒュ,1:15.3,1,3.9,2.0,456(0),[東] 奥村武,202406010103
13,7,14,アイリータイム,牝3,55.0,荻野極,1:15.4,1/2,48.6,10.0,494(0),[東] 畠山吉宏,202406010103
14,1,2,エルキーオ,牡3,57.0,大野拓弥,1:15.7,1.3/4,62.0,11.0,482(0),[東] 新開幸一,202406010103
15,3,6,キャラメルコード,牝3,55.0,杉原誠人,1:15.7,アタマ,181.5,15.0,390(0),[東] 加藤和宏,202406010103
取,1,1,ガラスノイチゴ,牝3,55.0,武士沢友,,,---,,計不,[東] 小桧山悟,202406010103
1,2,4,マコタイガ,牡3,57.0,吉田豊,1:57.8,,58.6,11.0,496(0),[東] 小野次郎,202406010104
2,3,5,ラブラドライト,牡3,55.0,小林脩斗,1:57.9,クビ,117.6,13.0,472(0),[東] 武藤善則,202406010104
3,1,2,タイキオナード,牡3,56.0,原優介,1:58.1,1.1/2,13.9,6.0,478(0),[東] 高木登,202406010104
4,7,14,プラチナバンド,牡3,57.0,大野拓弥,1:58.2,クビ,13.5,5.0,516(0),[東] 新開幸一,202406010104
5,5,9,レッドスフェーン,セ3,57.0,ピーヒュ,1:58.2,ハナ,7.9,3.0,436(0),[東] 林徹,202406010104
6,8,16,カミノケンシン,牡3,55.0,小林凌大,1:58.9,4,130.2,14.0,474(0),[東] 奥平雅士,202406010104
7,5,10,キツネノヨメイリ,牝3,55.0,菅原明良,1:59.0,クビ,8.7,4.0,492(0),[東] 上原佑紀,202406010104
8,2,3,ネオクラウン,牡3,57.0,津村明秀,1:59.3,2,43.4,10.0,484(0),[東] 鈴木伸尋,202406010104
9,1,1,ノアファラオ,牡3,57.0,柴田善臣,1:59.5,1,148.6,15.0,450(0),[東] 石毛善彦,202406010104
10,4,8,ビッグロゴスルーフ,牡3,57.0,柴田大知,1:59.5,ハナ,96.2,12.0,486(0),[東] 田中剛,202406010104
11,7,13,タルマイサン,牡3,54.0,小林勝太,1:59.7,1.1/4,15.4,7.0,470(0),[東] 加藤士津,202406010104
12,4,7,リムショット,牡3,57.0,キングス,1:59.8,クビ,20.3,8.0,524(0),[東] 中川公成,202406010104
13,8,15,ヴェサリウス,牡3,57.0,丹内祐次,1:59.8,クビ,2.6,1.0,476(0),[東] 菊沢隆徳,202406010104
14,6,11,サザンクーガー,牡3,53.0,小林美駒,1:59.9,1/2,34.2,9.0,500(0),[東] 鈴木伸尋,202406010104
15,3,6,エコロブレード,牡3,57.0,横山武史,2:00.0,1/2,3.7,2.0,440(0),[東] 加藤征弘,202406010104
16,6,12,ダンシングボビー,牡3,57.0,伴啓太,2:00.0,アタマ,162.1,16.0,486(0),[東] 尾形和幸,202406010104
1,8,15,ミッキーラッキー,牡3,57.0,キング,1:59.8,,2.8,1.0,550(+4),[東] 堀宣行,202406010105
2,1,2,マイネルモメンタム,牡3,57.0,石川裕紀,1:59.8,アタマ,7.3,4.0,470(+2),[東] 相沢郁,202406010105
3,4,7,ウイントレメンデス,牡3,57.0,横山武史,1:59.8,ハナ,4.4,3.0,480(+4),[東] 鈴木伸尋,202406010105
4,5,10,ウォータースケイプ,牡3,57.0,戸崎圭太,2:00.3,3,4.2,2.0,554(-2),[東] 宮田敬介,202406010105
5,8,16,ハイラント,牡3,57.0,北村宏司,2:00.4,クビ,306.7,11.0,430(0),[東] 伊藤大士,202406010105
6,6,12,エラン,牡3,57.0,ピーヒュ,2:00.5,3/4,66.9,9.0,452(+2),[東] 蛯名正義,202406010105
7,1,1,ジーティーオウジャ,牡3,57.0,キングス,2:00.6,クビ,34.3,8.0,518(+6),[東] 大竹正博,202406010105
8,3,5,レディマキシマ,牝3,55.0,丹内祐次,2:00.7,1/2,20.6,7.0,480(-6),[東] 中野栄治,202406010105
9,7,13,イモータルバード,牡3,57.0,津村明秀,2:01.0,2,19.8,6.0,476(-2),[東] 栗田徹,202406010105
10,3,6,フェスティヴカレン,牝3,55.0,江田照男,2:01.3,1.3/4,489.1,15.0,448(-6),[東] 天間昭一,202406010105
11,2,4,ネクタール,牝3,52.0,佐藤翔馬,2:01.3,クビ,501.7,16.0,406(-6),[東] 小桧山悟,202406010105
12,2,3,マイネルガンナー,牡3,57.0,柴田大知,2:01.3,クビ,162.1,10.0,460(+12),[東] 畠山吉宏,202406010105
13,7,14,フォローウィンド,牡3,57.0,三浦皇成,2:01.4,1/2,7.3,5.0,510(+14),[東] 鹿戸雄一,202406010105
14,5,9,ハルノドゥミプリエ,牝3,54.0,秋山稔樹,2:02.2,5,444.3,13.0,446(-12),[東] 勢司和浩,202406010105
15,4,8,ゴールデンスロープ,牡3,56.0,永野猛蔵,2:03.5,8,530.0,17.0,444(+10),[東] 小笠倫弘,202406010105
16,8,17,プティキャドウ,牝3,54.0,原優介,2:04.4,5,401.2,12.0,370(-6),[東] 高橋文雅,202406010105
17,6,11,キラーインキラーズ,牡3,53.0,小林美駒,2:14.4,大,485.3,14.0,418(+4),[東] 佐藤吉勝,202406010105
1,6,11,ルーラーリッチ,セ4,57.0,菅原明良,2:36.5,,3.0,1.0,486(-2),[東] 小島茂之,202406010106
2,3,6,ダスク,牡4,57.0,武藤雅,2:37.1,3.1/2,11.2,6.0,466(0),[東] 戸田博文,202406010106
3,1,2,トゥザヒロイン,牝5,56.0,杉原誠人,2:37.2,1/2,56.5,9.0,530(0),[東] 辻哲英,202406010106
4,6,12,キガサ,牝5,56.0,柴田大知,2:37.7,3,39.1,8.0,446(+6),[東] 鈴木慎太,202406010106
5,2,3,コトブキヘスペラス,牡4,57.0,江田照男,2:37.7,アタマ,62.1,10.0,452(0),[東] 金成貴史,202406010106
6,5,9,デリシュレーヌ,牝6,56.0,吉田豊,2:37.8,1/2,8.6,4.0,490(+4),[東] 高橋文雅,202406010106
7,4,8,ゴンドワナ,牡4,56.0,横山琉人,2:38.0,3/4,247.7,15.0,496(0),[東] 小島茂之,202406010106
8,1,1,クロスザルビコン,牡7,55.0,小林勝太,2:38.1,3/4,3.1,2.0,460(0),[東] 大和田成,202406010106
9,7,13,クラウンローゼン,牡4,56.0,原優介,2:38.1,アタマ,145.7,13.0,488(+8),[東] 奥平雅士,202406010106
10,3,5,ポンサン,牡4,57.0,横山和生,2:38.4,2,14.6,7.0,484(0),[東] 小西一男,202406010106
11,2,4,リネンマンボ,牡4,57.0,草野太郎,2:38.7,1.1/2,429.6,16.0,464(+4),[東] 粕谷昌央,202406010106
12,5,10,サトノバトラー,セ6,58.0,キング,2:39.1,2.1/2,9.2,5.0,504(+8),[東] 堀宣行,202406010106
13,8,15,クリスプブリーズ,牡4,56.0,佐々木大,2:39.8,4,106.3,12.0,514(+4),[東] 菊川正達,202406010106
14,4,7,パワーエンブレム,牡5,58.0,宮崎北斗,2:39.8,ハナ,170.2,14.0,506(+4),[東] 中川公成,202406010106
15,7,14,アオイゴールドワン,セ5,58.0,木幡巧也,2:40.6,5,8.3,3.0,488(+16),[東] 牧光二,202406010106
16,8,16,サプライズビュー,牡6,58.0,ピーヒュ,2:46.6,大,78.4,11.0,506(-2),[東] 栗田徹,202406010106
1,4,5,スピリットガイド,牡3,57.0,戸崎圭太,1:07.6,,4.8,3.0,524(+4),[東] 手塚貴久,202406010107
2,3,3,アララララ,牡3,57.0,丹内祐次,1:07.7,1/2,2.7,1.0,440(-8),[東] 清水英克,202406010107
3,6,8,イサチルシーサイド,牡3,57.0,木幡初也,1:07.7,ハナ,26.3,9.0,478(+8),[東] 竹内正洋,202406010107
4,4,4,カイコウ,セ3,57.0,菅原明良,1:08.1,2.1/2,44.0,11.0,452(-12),[東] 田島俊明,202406010107
5,7,11,タイセイフェスタ,牡3,57.0,横山和生,1:08.1,クビ,16.4,5.0,484(0),[東] 高橋裕,202406010107
6,1,1,オンザヴィーナス,牝3,55.0,ピーヒュ,1:08.1,ハナ,21.3,6.0,428(0),[東] 大和田成,202406010107
7,6,9,クールベイビー,牝3,54.0,原優介,1:08.2,1/2,11.8,4.0,470(+4),[東] 矢野英一,202406010107
8,8,13,キョウエイカンセ,牡3,56.0,永野猛蔵,1:08.3,1/2,70.7,12.0,472(+8),[東] 萱野浩二,202406010107
9,5,6,レザンノワール,牡3,57.0,横山武史,1:08.4,クビ,3.2,2.0,474(+6),[東] 伊藤圭三,202406010107
10,7,10,モンレーヴ,牝3,54.0,佐々木大,1:08.5,3/4,24.5,7.0,468(+2),[東] 金成貴史,202406010107
11,8,12,イスラアズール,牡3,53.0,小林美駒,1:08.7,1,25.9,8.0,466(0),[東] 武井亮,202406010107
12,2,2,イツツボシ,牝3,53.0,藤田菜七,1:09.0,2,157.6,13.0,410(0),[東] 本間忍,202406010107
13,5,7,ステラシティ,牝3,55.0,田辺裕信,1:09.1,3/4,42.9,10.0,456(-2),[東] 伊坂重信,202406010107
1,4,8,セイカティターニア,牝4,54.0,横山琉人,1:55.8,,5.6,3.0,410(+2),[東] 相沢郁,202406010108
2,2,4,イージーオンミー,牝4,55.0,石橋脩,1:55.9,3/4,45.7,11.0,444(+16),[東] 中舘英二,202406010108
3,5,10,サイモンポーリア,牝6,56.0,丸山元気,1:56.0,1/2,112.6,14.0,486(+2),[東] 根本康広,202406010108
4,6,11,ミニョンルミエール,牝5,52.0,小林美駒,1:56.1,1/2,12.0,6.0,460(+14),[東] 和田雄二,202406010108
5,7,13,ルージュクレセント,牝4,54.0,佐々木大,1:56.2,1/2,8.6,4.0,452(0),[東] 国枝栄,202406010108
6,3,6,テンホワイトラブ,牝4,53.0,小林凌大,1:56.2,アタマ,33.0,10.0,512(+12),[東] 小西一男,202406010108
7,8,16,ジェイエルフラッグ,牝8,53.0,佐藤翔馬,1:56.2,ハナ,233.7,15.0,452(-2),[東] 小西一男,202406010108
8,6,12,リキサンハート,牝6,56.0,菊沢一樹,1:56.4,3/4,67.8,12.0,512(+12),[東] 奥平雅士,202406010108
9,1,1,ミツカネヴィーナス,牝5,56.0,津村明秀,1:56.6,1.1/2,13.7,7.0,458(+4),[東] 鈴木伸尋,202406010108
10,1,2,シンボリックレルム,牝5,56.0,横山和生,1:56.7,アタマ,4.8,2.0,494(-8),[東] 水野貴広,202406010108
11,4,7,ランスノーブル,牝4,55.0,田辺裕信,1:56.9,1.1/2,3.4,1.0,456(+2),[東] 上原博之,202406010108
12,3,5,アステロイドメア,牝4,55.0,三浦皇成,1:56.9,クビ,9.6,5.0,488(+6),[東] 武市康男,202406010108
13,7,14,スピリチュアル,牝4,53.0,小林脩斗,1:57.0,3/4,98.3,13.0,434(-4),[東] 武藤善則,202406010108
14,8,15,ラズライト,牝5,53.0,小林勝太,1:57.2,1.1/4,16.2,8.0,448(-4),[東] 松山将樹,202406010108
15,2,3,ウェンダヴズクライ,牝4,53.0,藤田菜七,1:58.7,9,272.0,16.0,416(+4),[東] 根本康広,202406010108
16,5,9,バイロイト,牝5,56.0,丹内祐次,2:01.1,大,21.0,9.0,490(+10),[東] 栗田徹,202406010108
1,8,8,アドマイヤハレー,牡6,58.0,丹内祐次,2:11.8,,12.7,5.0,474(+10),[東] 宮田敬介,202406010109
2,2,2,ジオフロント,牡6,58.0,ピーヒュ,2:12.0,1.1/2,5.6,2.0,466(-4),[西] 清水久詞,202406010109
3,7,7,サンセットクラウド,牡5,58.0,横山武史,2:12.1,クビ,6.7,3.0,462(0),[西] 矢作芳人,202406010109
4,3,3,セイウンプラチナ,牡5,58.0,原優介,2:12.2,1/2,18.9,6.0,526(+12),[東] 小桧山悟,202406010109
5,1,1,ビューティーウェイ,牝6,56.0,菅原明良,2:12.2,クビ,6.7,4.0,442(-2),[西] 西園翔太,202406010109
6,6,6,ダニーデン,牡4,57.0,戸崎圭太,2:12.2,クビ,1.5,1.0,502(-10),[東] 辻哲英,202406010109
7,4,4,ラーテル,セ4,57.0,丸田恭介,2:13.4,7,158.5,7.0,466(0),[東] 南田美知,202406010109
取,5,5,ロードプレジール,牡6,58.0,三浦皇成,,,---,,計不,[西] 中内田充,202406010109
1,1,1,キャプテンシー,牡3,57.0,キング,1:32.5,,3.8,2.0,462(0),[西] 松永幹夫,202406010110
2,4,4,チャンネルトンネル,牡3,57.0,松岡正海,1:32.9,2,10.4,5.0,484(+16),[東] 堀内岳志,202406010110
3,3,3,ポッドテオ,牡3,57.0,北村宏司,1:33.1,1.1/2,3.6,1.0,470(0),[東] 畠山吉宏,202406010110
4,2,2,アレンジャー,牡3,57.0,横山典弘,1:33.1,クビ,15.1,8.0,472(+8),[西] 昆貢,202406010110
5,6,6,ソニックライン,牡3,57.0,キングス,1:33.1,アタマ,6.1,4.0,496(+4),[東] 木村哲也,202406010110
6,8,9,エイムフォーエース,牡3,57.0,本田正重,1:33.3,1.1/4,268.5,10.0,434(-9),[地] 山下貴之,202406010110
7,7,8,シンドリームシン,牡3,57.0,田辺裕信,1:33.9,3.1/2,14.0,6.0,472(-8),[西] 武幸四郎,202406010110
8,5,5,チザルピーノ,牡3,57.0,佐々木大,1:33.9,アタマ,21.1,9.0,476(-2),[東] 堀宣行,202406010110
9,7,7,ボーモンド,牡3,57.0,戸崎圭太,1:34.2,2,4.9,3.0,484(+6),[東] 国枝栄,202406010110
10,8,10,カズゴルティス,牡3,57.0,ピーヒュ,1:34.3,1/2,14.1,7.0,498(-10),[西] 杉山晴紀,202406010110
1,2,3,リカンカブール,牡5,56.0,津村明秀,1:58.9,,7.8,5.0,494(-12),[西] 田中克典,202406010111
2,4,7,ククナ,牝6,54.0,戸崎圭太,1:59.0,1/2,15.4,8.0,468(+6),[東] 栗田徹,202406010111
3,8,15,マイネルクリソーラ,牡5,55.0,Ｍ．デム,1:59.1,クビ,11.1,6.0,458(+4),[東] 中野栄治,202406010111
4,4,8,ボーンディスウェイ,牡5,55.0,木幡巧也,1:59.2,3/4,4.8,2.0,490(0),[東] 牧光二,202406010111
5,6,12,ホウオウアマゾン,牡6,58.0,横山武史,1:59.3,1/2,113.8,14.0,512(-4),[西] 矢作芳人,202406010111
6,3,6,クリノプレミアム,牝7,55.5,松岡正海,1:59.3,クビ,36.0,10.0,488(+2),[東] 伊藤伸一,202406010111
7,5,10,マテンロウレオ,牡5,58.5,横山典弘,1:59.3,ハナ,7.0,3.0,482(-2),[西] 昆貢,202406010111
8,7,13,カテドラル,牡8,58.5,荻野極,1:59.4,3/4,184.0,17.0,488(-4),[西] 池添学,202406010111
9,6,11,ゴールデンハインド,牝4,54.0,菅原明良,1:59.5,アタマ,7.3,4.0,498(+6),[東] 武市康男,202406010111
10,3,5,マイネルファンロン,牡9,56.0,丸山元気,1:59.5,アタマ,134.6,15.0,490(+10),[東] 手塚貴久,202406010111
11,2,4,エピファニー,牡5,57.0,ピーヒュ,1:59.5,クビ,4.1,1.0,506(-6),[東] 宮田敬介,202406010111
12,5,9,サクラトゥジュール,牡7,57.0,キング,1:59.6,1/2,16.2,9.0,526(+22),[東] 堀宣行,202406010111
13,1,2,アラタ,牡7,58.0,横山和生,1:59.6,アタマ,12.2,7.0,480(+10),[東] 和田勇介,202406010111
14,1,1,キタウイング,牝4,53.0,杉原誠人,1:59.7,1/2,69.0,12.0,434(+2),[東] 小島茂之,202406010111
15,7,14,カレンシュトラウス,牡7,56.0,藤懸貴志,1:59.8,クビ,144.1,16.0,520(-2),[西] 平田修,202406010111
16,8,16,サトノエルドール,牡8,56.0,三浦皇成,1:59.9,1/2,100.2,13.0,482(+10),[東] 国枝栄,202406010111
17,8,17,エミュー,牝4,54.0,佐々木大,2:02.7,大,61.2,11.0,422(-4),[東] 和田正一,202406010111
1,4,8,クインズミモザ,牝6,56.0,野中悠太,1:53.4,,17.9,7.0,514(+8),[東] 池上昌和,202406010112
2,3,5,リチャ,牡4,57.0,戸崎圭太,1:53.5,3/4,3.9,2.0,492(+8),[東] 田中博康,202406010112
3,7,14,アイファーエポック,牡5,55.0,小林勝太,1:53.5,ハナ,22.0,8.0,488(+2),[東] 根本康広,202406010112
4,6,12,タマモロック,牡4,56.0,永野猛蔵,1:53.7,1.1/4,5.6,3.0,502(+8),[東] 伊藤圭三,202406010112
5,2,3,アイアムイチリュウ,牡7,58.0,菅原隆一,1:54.0,2,36.2,10.0,522(+6),[東] 奥平雅士,202406010112
6,7,13,タケルペガサス,牡6,58.0,横山武史,1:54.0,クビ,2.8,1.0,492(+6),[東] 加藤征弘,202406010112
7,3,6,フリーフロー,牡7,58.0,丸田恭介,1:54.1,アタマ,72.6,12.0,482(+4),[東] 宗像義忠,202406010112
8,6,11,クロースコンバット,牡5,58.0,ピーヒュ,1:54.1,ハナ,24.7,9.0,510(+4),[東] 青木孝文,202406010112
9,8,15,ファイヴレター,牡7,58.0,黛弘人,1:54.1,アタマ,223.8,14.0,474(+10),[東] 佐藤吉勝,202406010112
10,4,7,ウインジョイフル,牡7,58.0,内田博幸,1:54.5,2.1/2,359.5,16.0,494(-8),[東] 鈴木慎太,202406010112
11,1,1,セラフィナイト,牡6,58.0,荻野極,1:54.6,1/2,15.1,5.0,456(+2),[東] 宮田敬介,202406010112
12,8,16,フォーワンセルフ,牡5,57.0,原優介,1:54.6,クビ,95.1,13.0,536(+12),[東] 小桧山悟,202406010112
13,5,10,シグナルファイアー,牝4,55.0,武士沢友,1:55.2,3.1/2,38.0,11.0,480(+10),[東] 水野貴広,202406010112
14,2,4,リバーサルバレット,牡5,58.0,菅原明良,1:55.3,1/2,9.0,4.0,496(+4),[東] 久保田貴,202406010112
15,1,2,アレクサ,牡4,57.0,丹内祐次,1:56.0,4,15.2,6.0,514(+12),[東] 斎藤誠,202406010112
16,5,9,マイネルイリャルギ,牡7,57.0,佐々木大,1:59.0,大,269.9,15.0,536(+16),[東] 高橋裕,202406010112
1,4,8,ライングッドマン,牡3,57.0,武藤雅,1:12.5,,4.6,3.0,470(0),[東] 武藤善則,202406010201
2,8,16,イーサンハンター,牡3,57.0,坂井瑠星,1:12.6,1/2,4.4,2.0,500(-2),[東] 中野栄治,202406010201
3,1,2,オモカゲジョー,牡3,57.0,江田照男,1:13.3,4,25.2,7.0,488(-2),[東] 奥平雅士,202406010201
4,5,9,タマエスポワール,牡3,57.0,石川裕紀,1:13.3,アタマ,9.4,5.0,508(0),[東] 相沢郁,202406010201
5,8,15,ヨリナエスポワール,牡3,57.0,木幡巧也,1:13.3,ハナ,5.5,4.0,528(0),[東] 牧光二,202406010201
6,7,13,フジゴウキャク,牡3,57.0,丹内祐次,1:13.3,アタマ,3.1,1.0,482(+2),[東] 岩戸孝樹,202406010201
7,3,5,ホウオウフロイト,牡3,57.0,杉原誠人,1:13.5,3/4,100.0,10.0,434(-4),[東] 加藤和宏,202406010201
8,2,3,エコロセブン,牡3,57.0,丸山元気,1:13.8,2,455.1,15.0,500(+12),[東] 根本康広,202406010201
9,6,12,サンウイキョウ,牡3,56.0,秋山稔樹,1:14.1,1.3/4,41.4,8.0,448(0),[東] 蛯名利弘,202406010201
10,7,14,デルミオクオーレ,牡3,56.0,佐々木大,1:14.2,クビ,133.0,12.0,448(+6),[東] 村田一誠,202406010201
11,3,6,ペイシャツネ,牡3,53.0,小林美駒,1:14.3,1/2,11.0,6.0,456(+6),[東] 深山雅史,202406010201
12,4,7,ケイツーレオン,牡3,57.0,黛弘人,1:14.4,1/2,110.8,11.0,458(0),[東] 鈴木伸尋,202406010201
13,2,4,ユイノグランコード,牡3,57.0,木幡初也,1:14.5,1/2,192.3,13.0,476(+18),[東] 深山雅史,202406010201
14,5,10,サルバシオン,牡3,57.0,菊沢一樹,1:14.8,2,456.7,16.0,450(+2),[東] 青木孝文,202406010201
15,1,1,ブルパーチェ,セ3,57.0,野中悠太,1:15.5,4,99.3,9.0,506(+10),[東] 高橋裕,202406010201
中,6,11,シュトウルム,牡3,56.0,原優介,,,407.2,14.0,478(+10),[東] 小桧山悟,202406010201
1,7,14,アムールドパリ,牝3,55.0,丸田恭介,1:55.9,,1.4,1.0,448(0),[東] 稲垣幸雄,202406010202
2,5,10,クォーツァイト,牝3,55.0,斎藤新,1:56.7,5,10.2,3.0,450(-2),[東] 斎藤誠,202406010202
3,1,1,ビップレーヌ,牝3,55.0,横山武史,1:57.3,3.1/2,13.2,4.0,466(+6),[東] 高柳瑞樹,202406010202
4,3,6,コパノエビータ,牝3,55.0,武藤雅,1:57.9,3.1/2,82.8,10.0,406(+6),[東] 手塚貴久,202406010202
5,6,11,ルージュアベリア,牝3,55.0,坂井瑠星,1:57.9,クビ,4.8,2.0,488(+2),[東] 田中博康,202406010202
6,2,3,ライトピラー,牝3,55.0,江田照男,1:58.2,2,446.0,16.0,494(-2),[東] 村田一誠,202406010202
7,6,12,プレシュラージュ,牝3,55.0,内田博幸,1:58.2,ハナ,166.8,13.0,452(-2),[東] 田中剛,202406010202
8,8,16,タマモポロネーズ,牝3,54.0,永野猛蔵,1:58.4,3/4,42.3,7.0,446(-2),[東] 伊藤圭三,202406010202
9,2,4,ギースバッハ,牝3,55.0,吉田豊,1:58.6,1.1/2,28.2,5.0,452(-4),[東] 加藤征弘,202406010202
10,5,9,ツインクルステージ,牝3,55.0,菅原明良,1:58.7,1/2,40.5,6.0,500(+4),[東] 高木登,202406010202
11,8,15,サンセットブライト,牝3,54.0,横山琉人,1:58.8,1/2,42.5,8.0,498(+8),[東] 相沢郁,202406010202
12,3,5,アパイシュナール,牝3,55.0,丹内祐次,2:00.0,7,76.2,9.0,454(-4),[東] 田村康仁,202406010202
13,4,7,ミユキアテスウェイ,牝3,55.0,原田和真,2:00.1,3/4,307.1,14.0,456(-2),[東] 小野次郎,202406010202
14,4,8,ベアエンジェル,牝3,52.0,小林勝太,2:01.0,5,417.9,15.0,472(0),[東] 杉浦宏昭,202406010202
15,7,13,バエル,牝3,54.0,佐々木大,2:01.2,1.1/2,146.7,12.0,442(-4),[東] 伊坂重信,202406010202
16,1,2,ウインブリエ,牝3,55.0,松岡正海,2:01.5,1.1/2,85.7,11.0,484(+10),[東] 和田正一,202406010202
1,7,13,ウインイメル,牡3,57.0,黛弘人,1:57.7,,46.9,7.0,484(+4),[東] 深山雅史,202406010203
2,1,1,ダイクロアイト,牡3,57.0,ピーヒュ,1:57.9,1.1/2,8.8,3.0,462(+6),[東] 萩原清,202406010203
3,6,11,ニシノコルベット,牡3,57.0,武藤雅,1:58.4,3,16.1,4.0,472(+8),[東] 水野貴広,202406010203
4,2,3,ミレニアムヒロイン,牝3,54.0,横山琉人,1:58.6,1,87.5,10.0,440(-2),[東] 池上昌和,202406010203
5,6,12,カシノカンピオーネ,牡3,57.0,岩部純二,1:58.8,1,66.6,8.0,488(+10),[東] 天間昭一,202406010203
6,5,9,ダノンマカルー,牡3,57.0,横山武史,1:58.9,1/2,1.2,1.0,542(0),[東] 田中博康,202406010203
7,4,8,エイブラムス,牡3,56.0,佐々木大,1:58.9,ハナ,8.0,2.0,458(+4),[東] 鈴木慎太,202406010203
8,1,2,ミーハ,牡3,56.0,原優介,1:59.0,クビ,16.9,5.0,490(+2),[東] 小笠倫弘,202406010203
9,3,5,マシュー,牡3,54.0,佐藤翔馬,1:59.1,1/2,156.4,12.0,468(+14),[東] 小桧山悟,202406010203
10,7,14,ジョリーメモリー,牡3,57.0,柴田善臣,1:59.3,1.1/4,31.6,6.0,446(+18),[東] 嘉藤貴行,202406010203
11,5,10,サウナストーン,牡3,57.0,丹内祐次,1:59.4,3/4,84.2,9.0,462(-6),[東] 西田雄一,202406010203
12,8,16,グレック,牡3,57.0,内田博幸,1:59.7,1.3/4,96.8,11.0,502(+10),[東] 田村康仁,202406010203
13,2,4,ニシノエール,セ3,57.0,北村宏司,2:00.3,3.1/2,240.9,13.0,450(-2),[東] 上原博之,202406010203
14,3,6,クルシナ,牡3,53.0,小林美駒,2:01.8,9,280.8,14.0,498(+12),[東] 和田雄二,202406010203
15,8,15,マメタクン,セ3,57.0,江田照男,2:03.6,大,303.8,15.0,488(+6),[東] 萱野浩二,202406010203
取,4,7,マツシマ,牡3,56.0,秋山稔樹,,,---,,計不,[東] 尾形和幸,202406010203
1,7,11,ビップランバン,牡6,60.0,中村将之,3:12.9,,9.6,4.0,482(+8),[西] 清水久詞,202406010204
2,8,14,メルテミア,牡6,60.0,小坂忠士,3:12.9,ハナ,33.8,7.0,472(+6),[西] 小栗実,202406010204
3,3,3,ワールドスケール,牡7,60.0,小牧加矢,3:12.9,ハナ,1.8,1.0,488(0),[西] 村山明,202406010204
4,8,13,アースブレイブ,セ7,60.0,江田勇亮,3:13.3,2.1/2,20.1,6.0,470(+2),[東] 宗像義忠,202406010204
5,5,7,ボイラーハウス,牡6,60.0,上野翔,3:13.8,3,3.9,2.0,510(+12),[東] 竹内正洋,202406010204
6,1,1,ルレーヴドゥリリ,牝7,58.0,森一馬,3:13.9,クビ,13.3,5.0,518(-2),[東] 田中剛,202406010204
7,3,4,ブリエヴェール,牡6,60.0,石神深一,3:14.5,3.1/2,8.2,3.0,458(+8),[東] 小笠倫弘,202406010204
8,6,10,アメリカンピース,セ6,57.0,水沼元輝,3:14.9,2.1/2,85.8,9.0,454(-8),[西] 音無秀孝,202406010204
9,7,12,サンマルグレイト,牡4,59.0,大江原圭,3:14.9,ハナ,131.2,12.0,452(+14),[東] 佐藤吉勝,202406010204
10,5,8,ソルトキャピタル,牡7,60.0,小野寺祐,3:15.2,2,101.5,11.0,530(-2),[西] 木原一良,202406010204
11,4,6,メノーグラジオラス,牡5,60.0,草野太郎,3:16.1,5,63.1,8.0,490(+14),[東] 戸田博文,202406010204
12,2,2,タリスアマゾン,牡4,59.0,五十嵐雄,3:19.0,大,93.2,10.0,456(+4),[東] 中舘英二,202406010204
13,6,9,ワンダーウォール,牡6,60.0,伴啓太,3:20.7,10,338.1,14.0,486(+4),[東] 鈴木慎太,202406010204
14,4,5,ティアップエックス,セ4,59.0,蓑島靖典,3:22.7,大,233.4,13.0,524(+10),[東] 奥平雅士,202406010204
1,5,10,シャインズオンユー,牡3,57.0,横山武史,1:33.4,,3.5,1.0,452(+4),[東] 青木孝文,202406010205
2,2,3,テートモダン,セ3,55.0,小林凌大,1:33.4,1/2,10.7,5.0,450(+6),[東] 尾形和幸,202406010205
3,8,15,ヴィヴァクラウン,牡3,57.0,大野拓弥,1:33.6,1.1/4,28.0,9.0,472(+6),[東] 杉浦宏昭,202406010205
4,6,12,ロクシアス,牡3,57.0,ルメール,1:33.8,1,3.6,2.0,490(+10),[東] 国枝栄,202406010205
5,5,9,ヒャクモノガタリ,牝3,55.0,吉田豊,1:33.8,クビ,25.9,8.0,430(+6),[東] 尾関知人,202406010205
6,6,11,ローンウルフ,牡3,57.0,木幡巧也,1:33.9,1/2,5.4,4.0,476(-4),[東] 武市康男,202406010205
7,8,16,ミサトベレーザ,牝3,55.0,武士沢友,1:34.1,1.1/4,19.8,6.0,422(-4),[東] 勢司和浩,202406010205
8,1,2,ニシノプレゼント,牝3,55.0,田辺裕信,1:34.2,クビ,5.1,3.0,444(0),[東] 村田一誠,202406010205
9,3,6,エフォートレス,牡3,57.0,宮崎北斗,1:34.2,ハナ,20.3,7.0,476(-6),[東] 嘉藤貴行,202406010205
10,4,7,チカチャン,牝3,55.0,北村宏司,1:34.2,アタマ,38.3,10.0,428(-2),[東] 石毛善彦,202406010205
11,1,1,ミヤビハイジア,牝3,55.0,木幡育也,1:34.5,1.1/2,533.9,14.0,458(-14),[東] 高橋文雅,202406010205
12,7,14,トーセンシナモン,牝3,53.0,藤田菜七,1:35.0,3,219.2,12.0,488(+2),[東] 小桧山悟,202406010205
13,3,5,ミランダアスール,牝3,55.0,武藤雅,1:35.1,1/2,377.0,13.0,396(-10),[東] 水野貴広,202406010205
14,7,13,アオイラリュヌ,牝3,55.0,丸山元気,1:35.1,クビ,725.7,15.0,430(0),[東] 和田雄二,202406010205
15,4,8,ハルテロス,牝3,52.0,石田拓郎,1:35.1,アタマ,748.5,16.0,430(+2),[東] 奥村武,202406010205
16,2,4,メーオーテソーロ,牝3,54.0,原優介,1:36.2,7,110.2,11.0,396(+6),[東] 奥平雅士,202406010205
1,2,3,スティンガーグラス,牡3,57.0,ルメール,2:02.1,,2.4,1.0,464(0),[東] 木村哲也,202406010206
2,2,4,アンゴラブラック,牝3,55.0,ピーヒュ,2:02.2,3/4,2.8,2.0,474(0),[東] 尾関知人,202406010206
3,7,14,ヘヴンズクライ,牡3,57.0,キング,2:02.9,4,9.2,3.0,422(0),[東] 大竹正博,202406010206
4,1,1,バランスダンサー,牝3,55.0,田辺裕信,2:02.9,クビ,10.2,4.0,476(0),[東] 久保田貴,202406010206
5,8,15,フォルテフィオーレ,牡3,57.0,石橋脩,2:02.9,クビ,11.4,5.0,442(0),[東] 上原佑紀,202406010206
6,5,10,デルマスカンダ,牡3,57.0,大野拓弥,2:03.3,2.1/2,292.9,16.0,448(0),[東] 和田正一,202406010206
7,8,17,スズノアムール,牝3,53.0,藤田菜七,2:03.3,ハナ,88.6,11.0,444(0),[東] 深山雅史,202406010206
8,5,9,コスモハーディング,牡3,57.0,柴田大知,2:03.7,2,93.8,12.0,406(0),[東] 和田勇介,202406010206
9,4,8,オーサムピクチャ,牝3,55.0,内田博幸,2:03.7,クビ,150.8,13.0,410(0),[東] 古賀慎明,202406010206
10,8,16,ルージュアイトーン,牝3,55.0,北村宏司,2:03.9,1.1/4,68.2,10.0,436(0),[東] 宮田敬介,202406010206
11,1,2,エコロアース,牡3,57.0,斎藤新,2:04.0,3/4,30.9,7.0,464(0),[東] 斎藤誠,202406010206
12,3,6,サルヴェージワーク,牡3,57.0,横山武史,2:04.1,1/2,15.7,6.0,514(0),[東] 田村康仁,202406010206
13,6,12,ノリサンブラック,牡3,57.0,横山和生,2:04.5,2.1/2,42.8,8.0,440(0),[東] 上原佑紀,202406010206
14,7,13,リアルセンター,牝3,55.0,木幡巧也,2:04.6,クビ,151.2,14.0,492(0),[東] 牧光二,202406010206
15,6,11,サツキイルージョン,牝3,53.0,小林凌大,2:04.7,3/4,411.2,17.0,434(0),[東] 土田稔,202406010206
16,4,7,イングリッドローズ,牝3,55.0,杉原誠人,2:06.2,9,154.1,15.0,402(0),[東] 加藤士津,202406010206
17,3,5,グランコネクシオン,牝3,55.0,西村淳也,2:07.1,5,53.6,9.0,420(0),[東] 畠山吉宏,202406010206
1,6,9,アラレタバシル,牡3,57.0,野中悠太,1:54.8,,6.9,5.0,446(+4),[東] 根本康広,202406010207
2,5,6,ネオシルバー,牡3,57.0,田辺裕信,1:55.0,1.1/2,6.9,4.0,500(0),[東] 小西一男,202406010207
3,1,1,ピュアキアン,牡3,57.0,吉田豊,1:55.1,3/4,19.7,7.0,514(+6),[東] 竹内正洋,202406010207
4,7,10,ロードブレイズ,牡3,57.0,三浦皇成,1:55.3,3/4,5.2,3.0,488(+4),[東] 稲垣幸雄,202406010207
5,5,7,モンサンアクシア,牡3,57.0,木幡巧也,1:55.6,1.3/4,3.5,1.0,482(0),[東] 牧光二,202406010207
6,2,2,バナマンテソーロ,牡3,56.0,原優介,1:55.7,1/2,43.6,11.0,498(0),[東] 加藤士津,202406010207
7,6,8,ブレードサクセス,牡3,57.0,丹内祐次,1:56.0,2,56.8,12.0,492(+8),[東] 岩戸孝樹,202406010207
8,3,3,ダイヤモンドナイツ,牡3,57.0,菅原明良,1:56.0,ハナ,28.7,9.0,462(-8),[東] 田島俊明,202406010207
9,4,4,サンダーアラート,牡3,57.0,内田博幸,1:56.0,アタマ,19.2,6.0,474(+2),[東] 田中博康,202406010207
10,8,13,タイセイアディクト,牡3,56.0,佐々木大,1:56.2,3/4,39.4,10.0,486(+4),[東] 池上昌和,202406010207
11,7,11,コスモジンバック,牡3,57.0,石川裕紀,1:57.4,7,59.4,13.0,472(+8),[東] 相沢郁,202406010207
12,4,5,メッエフアパラ,牡3,54.0,小林勝太,1:58.1,4,24.5,8.0,460(-6),[東] 辻哲英,202406010207
13,8,12,ボーイハンター,牝3,55.0,ルメール,2:00.6,大,4.2,2.0,456(-2),[東] 西田雄一,202406010207
1,4,8,マンノステータス,牡4,57.0,石川裕紀,1:54.4,,3.6,1.0,524(+6),[東] 小野次郎,202406010208
2,8,15,マウンテンエース,牡4,56.0,佐々木大,1:55.0,3.1/2,12.9,6.0,502(+2),[東] 中野栄治,202406010208
3,1,1,トーセンクライスト,牡5,58.0,丸田恭介,1:55.1,クビ,8.5,4.0,524(0),[東] 宗像義忠,202406010208
4,5,10,ラフシー,牡5,58.0,ピーヒュ,1:55.2,1/2,56.4,12.0,542(+10),[東] 大竹正博,202406010208
5,2,3,カムランベイ,牡4,57.0,石橋脩,1:55.4,1.1/2,11.5,5.0,514(+10),[東] 岩戸孝樹,202406010208
6,8,16,キープブライトン,牡4,57.0,田辺裕信,1:55.6,1.1/4,21.0,7.0,460(+2),[東] 栗田徹,202406010208
7,3,5,フリッパー,牡4,57.0,ルメール,1:55.7,クビ,4.5,3.0,506(+10),[東] 戸田博文,202406010208
8,6,11,ジャクソン,牡4,57.0,木幡初也,1:55.7,クビ,21.9,8.0,502(+6),[東] 武市康男,202406010208
9,5,9,トゥルース,牡4,57.0,斎藤新,1:55.9,1.1/2,57.6,13.0,500(+2),[東] 斎藤誠,202406010208
10,3,6,ベルウッドグラス,牡4,57.0,木幡巧也,1:56.4,2.1/2,4.3,2.0,484(+6),[東] 牧光二,202406010208
11,7,14,ジョーカーブラウン,牡5,58.0,原田和真,1:56.7,1.3/4,91.8,14.0,530(+12),[東] 松山将樹,202406010208
12,1,2,ジャックパール,牡4,54.0,小林勝太,1:57.3,3.1/2,26.0,9.0,462(+12),[東] 鈴木慎太,202406010208
13,4,7,ルージュアマルフィ,牝4,55.0,菅原明良,1:57.9,3.1/2,50.8,11.0,480(0),[東] 鹿戸雄一,202406010208
14,2,4,リゼレインボー,牡5,58.0,大野拓弥,1:58.6,4,162.4,15.0,488(-2),[東] 松山将樹,202406010208
15,6,12,チャコワールド,牡5,58.0,丸山元気,1:59.0,2.1/2,641.7,16.0,446(-2),[東] 根本康広,202406010208
16,7,13,ブレードキング,牡4,57.0,西村淳也,1:59.2,1.1/4,26.2,10.0,536(+6),[東] 岩戸孝樹,202406010208
1,4,8,ダイバリオン,牡5,58.0,ルメール,2:00.0,,5.2,2.0,468(0),[東] 池上昌和,202406010209
2,3,6,ヤマニンエンディマ,牡4,57.0,横山武史,2:00.1,3/4,6.7,4.0,500(0),[東] 辻哲英,202406010209
3,4,7,エルディアブロ,牡6,58.0,西村淳也,2:00.3,1.1/4,28.2,9.0,450(0),[西] 佐々木晶,202406010209
4,7,14,シテフローラル,牡6,58.0,キング,2:00.3,アタマ,16.2,7.0,462(+6),[東] 堀宣行,202406010209
5,2,4,セナリスト,牝6,56.0,キングス,2:00.4,クビ,61.9,11.0,466(+16),[東] 金成貴史,202406010209
6,5,10,ボーンイングランデ,牡4,57.0,石川裕紀,2:00.4,クビ,73.9,13.0,466(0),[西] 吉田直弘,202406010209
7,1,1,ソワドリヨン,牝4,55.0,北村宏司,2:00.4,アタマ,9.6,5.0,466(0),[東] 古賀慎明,202406010209
8,1,2,パトリックハンサム,牡5,58.0,横山和生,2:00.5,クビ,42.0,10.0,474(+8),[東] 菊沢隆徳,202406010209
9,8,16,マイネルニコラス,牡5,58.0,柴田大知,2:00.5,ハナ,14.3,6.0,520(+2),[東] 高橋裕,202406010209
10,6,12,エイトキングゴッド,牡4,57.0,原優介,2:00.5,ハナ,105.4,14.0,480(+6),[東] 青木孝文,202406010209
11,3,5,グランドライン,牡5,58.0,大野拓弥,2:00.7,1.1/4,6.3,3.0,552(+2),[東] 高木登,202406010209
11,6,11,インナリオ,牝6,56.0,杉原誠人,2:00.7,同着,128.2,15.0,458(-24),[東] 嘉藤貴行,202406010209
13,8,17,ニシノファンフェア,牡4,57.0,田辺裕信,2:00.7,クビ,134.1,16.0,476(-2),[東] 和田勇介,202406010209
14,5,9,エトワールマタン,牝6,56.0,菅原明良,2:00.8,3/4,23.3,8.0,458(-4),[東] 高柳瑞樹,202406010209
15,8,15,コスモフロイデ,牡5,58.0,ピーヒュ,2:00.9,クビ,181.6,17.0,486(+14),[東] 天間昭一,202406010209
16,2,3,クレバーテースト,セ5,58.0,坂井瑠星,2:01.1,1.1/4,2.9,1.0,456(-2),[西] 武幸四郎,202406010209
17,7,13,マイネルビジョン,牡4,57.0,丹内祐次,2:01.3,1,63.9,12.0,466(-2),[東] 高木登,202406010209
1,7,14,ヴァルツァーシャル,牡5,57.0,大野拓弥,1:52.9,,5.9,4.0,504(+4),[東] 高木登,202406010210
2,2,3,キタノリューオー,牡6,58.0,原優介,1:53.1,1.1/4,13.2,6.0,476(+4),[東] 萱野浩二,202406010210
3,4,7,アルーブルト,牡6,57.0,田辺裕信,1:53.2,1/2,77.2,12.0,498(+16),[西] 畑端省吾,202406010210
4,4,8,キングストンボーイ,セ6,57.0,キングス,1:53.2,クビ,50.8,11.0,502(+10),[東] 鹿戸雄一,202406010210
5,7,13,テーオードレフォン,牡5,57.0,三浦皇成,1:53.3,1/2,22.5,10.0,498(+6),[西] 梅田智之,202406010210
6,5,10,ペイシャエス,牡5,60.0,菅原明良,1:53.4,アタマ,12.7,5.0,498(+8),[東] 小西一男,202406010210
7,6,11,ウェルカムニュース,牡5,58.0,北村友一,1:53.4,ハナ,5.7,3.0,510(+8),[西] 池江泰寿,202406010210
8,5,9,ナチュラルハイ,牡4,56.0,坂井瑠星,1:53.5,3/4,14.9,7.0,480(+6),[東] 黒岩陽一,202406010210
9,3,6,エナハツホ,牝5,55.0,石川裕紀,1:53.6,クビ,83.4,13.0,454(0),[西] 吉田直弘,202406010210
10,1,1,ブラックアーメット,牡6,58.0,泉谷楓真,1:53.8,1.1/2,16.2,8.0,510(+4),[西] 角田晃一,202406010210
11,1,2,フォルコメン,セ8,58.0,キング,1:54.0,1,202.9,15.0,516(+2),[東] 堀宣行,202406010210
12,3,5,アナンシエーション,セ6,57.0,ルメール,1:54.0,クビ,4.3,2.0,508(0),[東] 手塚貴久,202406010210
13,6,12,パワーブローキング,牡5,57.0,ピーヒュ,1:54.4,2,98.9,14.0,524(-6),[東] 栗田徹,202406010210
14,8,15,ベストリーガード,牡5,57.0,木幡巧也,1:55.1,4,4.3,1.0,484(+2),[東] 牧光二,202406010210
15,2,4,ノースザワールド,牡6,57.0,横山和生,1:55.7,3.1/2,17.6,9.0,474(+4),[西] 大久保龍,202406010210
16,8,16,アルドーレ,牡9,59.0,吉田豊,2:08.6,大,249.8,16.0,508(+20),[東] 戸田博文,202406010210
1,8,13,イフェイオン,牝3,55.0,西村淳也,1:34.0,,12.6,5.0,480(-4),[西] 杉山佳明,202406010211
2,3,3,マスクオールウィン,牝3,55.0,津村明秀,1:34.0,クビ,14.0,6.0,492(+6),[東] 牧光二,202406010211
3,1,1,ラヴスコール,牝3,55.0,横山武史,1:34.1,クビ,10.6,4.0,422(+2),[東] 加藤征弘,202406010211
4,4,6,スティールブルー,牝3,55.0,ルメール,1:34.1,クビ,2.4,1.0,430(-2),[東] 宗像義忠,202406010211
5,8,14,ニシノティアモ,牝3,55.0,田辺裕信,1:34.3,1.1/4,43.3,10.0,434(+2),[東] 上原佑紀,202406010211
6,6,9,キャットファイト,牝3,55.0,坂井瑠星,1:34.3,アタマ,3.7,2.0,446(+4),[東] 上原博之,202406010211
7,7,11,テリオスサラ,牝3,55.0,石橋脩,1:34.4,クビ,6.6,3.0,474(0),[東] 高柳瑞樹,202406010211
8,4,5,ティンク,牝3,55.0,佐々木大,1:34.4,クビ,50.3,11.0,488(-4),[東] 久保田貴,202406010211
9,6,10,キャプテンネキ,牝3,55.0,ピーヒュ,1:34.4,クビ,52.9,12.0,530(+2),[西] 杉山晴紀,202406010211
10,3,4,メイショウヨゾラ,牝3,55.0,三浦皇成,1:34.4,アタマ,20.4,7.0,468(-12),[東] 高柳瑞樹,202406010211
11,5,8,カレンナオトメ,牝3,55.0,菅原明良,1:34.6,3/4,99.8,13.0,418(+6),[東] 小野次郎,202406010211
12,7,12,ジークルーネ,牝3,55.0,キングス,1:35.4,5,39.1,8.0,454(+2),[東] 栗田徹,202406010211
13,2,2,エリカリーシャン,牝3,55.0,横山和生,1:35.5,1/2,42.4,9.0,476(+6),[東] 国枝栄,202406010211
14,5,7,メジャーデビュー,牝3,55.0,丹内祐次,1:35.9,2.1/2,220.1,14.0,424(-10),[東] 鈴木慎太,202406010211
1,7,13,フラップシグナス,牡5,58.0,ルメール,1:11.2,,1.8,1.0,486(-10),[西] 千田輝彦,202406010212
2,8,16,パルデンス,牡6,57.0,佐々木大,1:11.3,クビ,23.9,8.0,502(+12),[東] 中野栄治,202406010212
3,4,8,エイシンケプラー,牡4,58.0,津村明秀,1:11.7,2.1/2,8.7,3.0,492(+4),[東] 田中剛,202406010212
4,3,6,ドンレパルス,牡5,58.0,菅原明良,1:11.8,クビ,32.3,11.0,518(+6),[東] 高木登,202406010212
5,4,7,アポロプラネット,牡5,55.0,小林勝太,1:11.8,クビ,53.9,12.0,498(-6),[東] 伊藤圭三,202406010212
6,7,14,キングクー,牡5,56.0,藤田菜七,1:11.9,クビ,30.7,10.0,522(-6),[東] 根本康広,202406010212
7,3,5,バルミュゼット,牡5,58.0,木幡巧也,1:12.2,2,12.0,5.0,528(+4),[東] 岩戸孝樹,202406010212
8,6,11,ダークンストーミー,牡4,58.0,田辺裕信,1:12.3,1/2,22.0,7.0,444(-2),[東] 小笠倫弘,202406010212
9,2,4,トモジャミ,牝4,56.0,横山武史,1:12.4,1/2,6.6,2.0,504(-4),[東] 鈴木伸尋,202406010212
10,5,9,ビップアクア,牝5,56.0,北村友一,1:12.7,1.1/2,235.5,15.0,454(+2),[東] 田島俊明,202406010212
11,2,3,ヴァンヌ,牡6,58.0,武藤雅,1:12.9,1.1/4,158.6,14.0,532(+16),[東] 武藤善則,202406010212
12,6,12,ナイトアクアリウム,牡4,58.0,石橋脩,1:13.2,2,11.6,4.0,480(-6),[西] 杉山佳明,202406010212
13,8,15,スカイナイル,牝6,56.0,西村淳也,1:13.5,2,29.4,9.0,492(-8),[西] 牧浦充徳,202406010212
14,1,2,ブルーダイヤカフェ,牡7,58.0,大野拓弥,1:14.1,3.1/2,17.4,6.0,536(0),[東] 和田勇介,202406010212
15,5,10,ユキノグローリー,牡7,58.0,嶋田純次,1:15.3,7,303.1,16.0,506(+14),[東] 石毛善彦,202406010212
16,1,1,ミキノバスドラム,牡6,57.0,原優介,1:15.4,1/2,127.4,13.0,528(+14),[東] 南田美知,202406010212
1,8,15,セレブレイトエール,牡3,57.0,坂井瑠星,1:55.4,,2.6,1.0,522(-4),[西] 大久保龍,202408010101
2,2,3,カフジテルビウム,牡3,57.0,長岡禎仁,1:55.9,3,14.7,5.0,464(+4),[西] 杉山佳明,202408010101
3,3,6,ルージュシュエット,牝3,55.0,鮫島克駿,1:55.9,アタマ,32.3,9.0,442(-2),[西] 矢作芳人,202408010101
4,8,16,ヤマニンアラクリア,牡3,57.0,田中健,1:56.2,1.3/4,19.3,7.0,480(+10),[西] 中村直也,202408010101
5,7,14,アメリカンチーフ,牡3,57.0,松若風馬,1:56.2,クビ,5.0,2.0,468(+2),[西] 音無秀孝,202408010101
6,5,9,メイショウアラセツ,牡3,57.0,北村友一,1:56.3,1/2,15.0,6.0,530(-2),[西] 飯田祐史,202408010101
7,5,10,メイショウムカバキ,牡3,56.0,角田大河,1:56.4,1/2,7.9,4.0,506(-10),[西] 本田優,202408010101
8,3,5,フォートポータル,セ3,57.0,国分優作,1:56.5,1/2,32.9,10.0,468(-8),[西] 吉岡辰弥,202408010101
9,7,13,メイショウマツリ,牡3,54.0,永島まな,1:56.6,1/2,19.8,8.0,496(0),[西] 松永幹夫,202408010101
10,1,2,ヤルキゲンキフトシ,牡3,57.0,小牧太,1:56.6,ハナ,256.7,14.0,492(-4),[西] 笹田和秀,202408010101
11,6,11,カレンワッツアップ,牡3,57.0,古川吉洋,1:56.6,クビ,70.6,13.0,480(+8),[西] 小林真也,202408010101
12,6,12,スターチスブーケ,牝3,55.0,岩田望来,1:56.8,3/4,5.0,3.0,498(-6),[西] 清水久詞,202408010101
13,4,8,ソニック,牡3,57.0,斎藤新,1:56.8,ハナ,69.6,12.0,496(-4),[西] 浜田多実,202408010101
14,2,4,メネラオス,牡3,57.0,ルメート,1:58.3,9,66.5,11.0,552(+4),[西] 奥村豊,202408010101
15,1,1,オスピタリテ,牝3,54.0,小沢大仁,1:59.2,5,553.9,16.0,462(-4),[西] 森田直行,202408010101
16,4,7,タイセイサクシード,牡3,57.0,菱田裕二,1:59.3,1/2,334.0,15.0,502(+6),[西] 森田直行,202408010101
1,1,1,ハーバーライト,牡3,57.0,和田竜二,2:02.7,,9.0,4.0,528(-10),[西] 高橋義忠,202408010102
2,2,3,キタノハヤブサ,牡3,55.0,田口貫太,2:02.9,1.1/2,5.7,3.0,460(-8),[西] 吉田直弘,202408010102
3,8,15,カズタンジャー,牡3,57.0,モリス,2:02.9,クビ,13.5,6.0,494(+10),[西] 新谷功一,202408010102
4,8,16,アイファーキャップ,牡3,57.0,斎藤新,2:03.1,3/4,9.3,5.0,462(+4),[西] 鮫島一歩,202408010102
5,2,4,マテンロウガーデン,牡3,57.0,坂井瑠星,2:04.0,5,5.7,2.0,508(+6),[西] 武英智,202408010102
6,5,9,ノイヤーヘルト,牡3,57.0,川田将雅,2:04.0,ハナ,2.1,1.0,516(+2),[西] 中竹和也,202408010102
7,7,13,テーオーカルドア,牡3,57.0,菱田裕二,2:04.5,3,24.2,7.0,474(+14),[西] 岡田稲男,202408010102
8,3,5,ウインメラナイト,牡3,57.0,小崎綾也,2:04.8,1.3/4,186.4,12.0,502(+6),[西] 寺島良,202408010102
9,5,10,クワッドルッツ,牡3,57.0,中井裕二,2:05.0,1.1/2,343.4,15.0,480(+2),[西] 今野貞一,202408010102
10,1,2,サンライズマウレア,牡3,54.0,西塚洸二,2:05.3,1.1/2,28.4,9.0,458(+4),[西] 河内洋,202408010102
11,3,6,ピースウォリアー,牡3,57.0,幸英明,2:05.4,1/2,111.1,11.0,484(-2),[西] 北出成人,202408010102
12,6,12,ハチャトリアン,牡3,56.0,小沢大仁,2:05.5,1/2,484.2,16.0,464(+4),[西] 奥村豊,202408010102
13,7,14,ダンツパルス,セ3,57.0,国分優作,2:05.5,ハナ,343.1,14.0,478(-10),[西] 四位洋文,202408010102
14,6,11,シュラハト,牡3,57.0,岩田望来,2:06.1,4,28.1,8.0,514(0),[西] 石坂公一,202408010102
15,4,8,シュヴァイゲン,牡3,57.0,ルメート,2:08.6,大,54.6,10.0,484(+4),[西] 斉藤崇史,202408010102
16,4,7,ブルーメンコルソ,牡3,57.0,藤岡康太,2:11.1,大,294.4,13.0,480(+10),[西] 高柳大輔,202408010102
1,4,8,オアシスドール,牝3,55.0,坂井瑠星,1:25.8,,3.6,1.0,448(-10),[西] 高柳大輔,202408010103
2,6,12,ランランガール,牝3,52.0,今村聖奈,1:26.1,1.3/4,3.8,2.0,422(-8),[西] 寺島良,202408010103
3,1,2,ハッピーダンス,牝3,55.0,西村淳也,1:26.6,3.1/2,8.0,4.0,466(+4),[西] 茶木太樹,202408010103
4,6,11,リリーズブルーム,牝3,55.0,ルメート,1:26.6,ハナ,7.1,3.0,464(+6),[西] 牧浦充徳,202408010103
5,3,6,カネコメファミリー,牝3,55.0,菱田裕二,1:27.2,3.1/2,45.5,11.0,492(+6),[西] 中尾秀正,202408010103
6,4,7,テイケイモハラ,牝3,53.0,田口貫太,1:27.3,1/2,8.4,5.0,438(+16),[西] 大橋勇樹,202408010103
7,8,16,フルリール,牝3,55.0,藤岡康太,1:27.5,1.1/2,9.0,6.0,434(-2),[西] 藤岡健一,202408010103
8,5,10,ネオアステーリ,牝3,55.0,長岡禎仁,1:27.6,クビ,29.1,9.0,454(0),[西] 岡田稲男,202408010103
9,8,15,サンネリネ,牝3,55.0,古川吉洋,1:27.8,1.1/2,108.1,14.0,448(+2),[西] 畑端省吾,202408010103
10,2,4,グディンナ,牝3,55.0,国分恭介,1:27.8,ハナ,43.5,10.0,418(-4),[西] 牧田和弥,202408010103
11,3,5,グラス,牝3,52.0,永島まな,1:27.9,クビ,27.8,8.0,454(+8),[西] 上村洋行,202408010103
12,2,3,アルピニスト,牝3,55.0,鮫島克駿,1:28.4,3,59.2,12.0,456(-4),[西] 杉山佳明,202408010103
13,5,9,メイショウニコニコ,牝3,51.0,河原田菜,1:28.4,アタマ,62.3,13.0,446(-4),[西] 高橋亮,202408010103
14,7,13,プレジャー,牝3,54.0,角田大河,1:28.5,1/2,18.2,7.0,486(-2),[西] 飯田祐史,202408010103
15,7,14,ワキノルーチェ,牝3,55.0,幸英明,1:28.5,クビ,128.2,15.0,408(+8),[西] 高橋義忠,202408010103
16,1,1,ワンダーエトワール,牝3,55.0,小崎綾也,1:28.9,2,336.1,16.0,404(-4),[西] 小崎憲,202408010103
1,3,6,テーオーパスワード,牡3,57.0,坂井瑠星,1:57.1,,3.6,2.0,474(0),[西] 高柳大輔,202408010104
2,6,12,スマートリアファル,牡3,57.0,幸英明,1:57.5,2,11.0,5.0,496(0),[西] 辻野泰之,202408010104
3,2,4,マテンロウブラボー,牡3,57.0,岩田望来,1:57.5,クビ,3.3,1.0,500(0),[西] 野中賢二,202408010104
4,2,3,ケーヴァラ,牡3,57.0,水口優也,1:57.6,1/2,14.8,7.0,480(0),[西] 羽月友彦,202408010104
5,7,14,パカーラン,牡3,57.0,和田竜二,1:57.6,ハナ,7.0,4.0,472(0),[西] 藤原英昭,202408010104
6,5,10,ギマール,牡3,57.0,岩田康誠,1:57.8,1.1/2,11.5,6.0,464(0),[西] 上村洋行,202408010104
7,3,5,ナムラカメジロー,牡3,57.0,川又賢治,1:57.9,1/2,43.4,9.0,522(0),[西] 杉山佳明,202408010104
8,1,1,エクササイズ,牡3,53.0,河原田菜,1:58.1,1.1/4,103.9,12.0,466(0),[西] 角田晃一,202408010104
9,6,11,サンライズウェーヴ,牡3,57.0,藤岡康太,1:58.8,4,68.0,11.0,498(0),[西] 石坂公一,202408010104
10,8,16,タガノアウル,牡3,57.0,富田暁,1:59.0,1.1/2,140.6,15.0,522(0),[西] 川村禎彦,202408010104
11,1,2,ジャスティンライズ,牡3,57.0,松山弘平,1:59.2,3/4,6.2,3.0,514(0),[西] 吉岡辰弥,202408010104
12,4,7,ヤマニンステラータ,牡3,57.0,古川吉洋,1:59.2,クビ,125.8,14.0,458(0),[西] 松永幹夫,202408010104
13,7,13,タイセイクエスト,牡3,57.0,鮫島克駿,1:59.4,3/4,43.6,10.0,510(0),[西] 松下武士,202408010104
14,5,9,スターメイデン,牝3,55.0,ルメート,1:59.4,ハナ,33.0,8.0,476(0),[西] 吉村圭司,202408010104
15,8,15,ニホンピロジェシカ,牝3,53.0,田口貫太,2:00.4,6,124.1,13.0,464(0),[西] 安達昭夫,202408010104
16,4,8,セルリアンジャガー,牡3,56.0,角田大河,2:00.8,2.1/2,154.4,16.0,480(0),[西] 宮徹,202408010104
1,1,2,エラトー,牝3,55.0,ルメート,1:48.4,,6.4,4.0,480(-2),[西] 上村洋行,202408010105
2,2,3,カズミクラーシュ,牡3,57.0,松山弘平,1:48.5,3/4,6.3,3.0,500(-4),[西] 吉岡辰弥,202408010105
3,1,1,パシフィックハイ,牝3,55.0,鮫島克駿,1:48.7,1.1/4,13.8,6.0,450(0),[西] 杉山佳明,202408010105
4,4,7,スピードリッチ,牡3,57.0,藤岡康太,1:48.9,1.1/2,3.4,1.0,472(+2),[西] 藤岡健一,202408010105
5,6,11,モンサンケコア,牡3,57.0,幸英明,1:49.1,1,26.4,8.0,506(-2),[西] 中竹和也,202408010105
6,3,5,コルレオニス,牡3,57.0,モリス,1:49.1,クビ,6.4,5.0,446(+4),[西] 友道康夫,202408010105
7,4,8,オルドヴァイ,牡3,57.0,川田将雅,1:49.2,1/2,3.9,2.0,454(0),[西] 中内田充,202408010105
8,6,12,アクイローネ,牡3,57.0,和田竜二,1:49.3,3/4,264.9,15.0,426(-6),[西] 北出成人,202408010105
9,8,17,ジャズ,牡3,57.0,岩田望来,1:49.7,2,16.4,7.0,478(+2),[西] 辻野泰之,202408010105
10,2,4,コーラルハート,牝3,53.0,田口貫太,1:49.7,クビ,142.5,11.0,484(0),[西] 小林真也,202408010105
11,8,18,ヒルノセビリア,牝3,55.0,古川吉洋,1:50.0,1.1/2,33.0,9.0,434(-4),[西] 昆貢,202408010105
12,7,13,ギルトエッジ,牡3,57.0,西村淳也,1:50.2,1.1/4,105.7,10.0,498(+10),[西] 森田直行,202408010105
13,5,10,テクノドラゴン,牡3,53.0,河原田菜,1:50.2,ハナ,250.0,14.0,452(+8),[西] 宮本博,202408010105
14,5,9,エールヴァーゲ,牝3,55.0,藤岡佑介,1:50.6,2.1/2,151.4,12.0,412(-2),[西] 坂口智康,202408010105
15,7,14,ハッピーギフト,牝3,55.0,荻野琢真,1:51.0,2.1/2,601.4,16.0,424(-6),[東] 武井亮,202408010105
16,8,16,クリノラリマール,牝3,55.0,川須栄彦,1:51.5,2.1/2,237.8,13.0,458(0),[西] 中尾秀正,202408010105
17,3,6,ロングレジリエント,牡3,57.0,太宰啓介,1:54.9,大,650.7,17.0,436(+16),[西] 高橋亮,202408010105
除,7,15,セングンバンバ,牡3,57.0,岩田康誠,,,---,,448(-2),[西] 松永幹夫,202408010105
1,2,2,ピューロマジック,牝3,55.0,坂井瑠星,1:08.8,,1.3,1.0,444(-2),[西] 安田隆行,202408010106
2,3,3,アンクルクロス,牡3,57.0,長岡禎仁,1:09.1,2,7.7,3.0,466(-6),[西] 高橋亮,202408010106
3,7,7,パッシングシャワー,牡3,57.0,西村淳也,1:09.7,3.1/2,5.1,2.0,488(+12),[西] 安田翔伍,202408010106
4,6,6,セントキルダ,牡3,57.0,北村友一,1:10.0,1.3/4,62.7,7.0,468(-4),[西] 音無秀孝,202408010106
5,1,1,ルージュレベッカ,牝3,55.0,古川吉洋,1:10.3,2,30.6,6.0,448(-2),[西] 昆貢,202408010106
6,8,10,アイタカ,牝3,51.0,河原田菜,1:10.3,クビ,11.2,4.0,414(0),[西] 谷潔,202408010106
7,5,5,アガシ,牡3,57.0,武豊,1:10.5,1.1/4,22.2,5.0,496(+24),[西] 庄野靖志,202408010106
8,7,8,ハッピーサプライズ,牡3,57.0,松若風馬,1:10.6,1/2,93.3,8.0,448(0),[東] 佐藤吉勝,202408010106
9,4,4,アナベルエクラ,牝3,55.0,岩田望来,1:11.3,4,100.8,9.0,446(-4),[西] 清水久詞,202408010106
10,8,9,プレパラシオン,牝3,55.0,川又賢治,1:11.3,クビ,352.5,10.0,448(0),[西] 杉山佳明,202408010106
1,6,7,ダンテバローズ,牡4,57.0,岩田望来,1:52.2,,2.5,1.0,516(+2),[西] 上村洋行,202408010107
2,8,10,サンライズパスカル,牡4,57.0,藤岡康太,1:52.7,3,7.7,4.0,542(+6),[西] 石坂公一,202408010107
3,8,11,ネッケツシャチョウ,牡4,57.0,荻野琢真,1:52.7,アタマ,12.8,5.0,554(+18),[西] 藤沢則雄,202408010107
4,1,1,ダノンフューチャー,牡5,58.0,川田将雅,1:53.3,3.1/2,13.5,6.0,526(+20),[西] 寺島良,202408010107
5,3,3,シャンデルナゴル,牡4,57.0,ルメート,1:53.3,ハナ,70.3,10.0,484(0),[西] 石坂公一,202408010107
6,2,2,ブライトホルン,牡5,58.0,武豊,1:53.7,2.1/2,4.4,2.0,502(0),[西] 渡辺薫彦,202408010107
7,4,4,ダークモード,牡4,57.0,藤岡佑介,1:54.1,2.1/2,14.7,7.0,494(+4),[西] 藤岡健一,202408010107
8,7,8,メジャークオリティ,牡5,57.0,小沢大仁,1:54.2,3/4,15.6,8.0,492(+4),[西] 西園正都,202408010107
9,7,9,マルカブリッツ,牡4,55.0,田口貫太,1:54.7,3,5.6,3.0,492(+10),[西] 松永昌博,202408010107
10,5,5,セレクティオ,牡4,57.0,鮫島克駿,1:54.9,1,34.4,9.0,482(-6),[西] 橋口慎介,202408010107
11,6,6,メイショウホーコン,牡5,57.0,泉谷楓真,1:55.7,5,201.6,11.0,490(+6),[西] 安達昭夫,202408010107
1,2,4,ジュンウィンダム,牝4,56.0,西村淳也,1:11.9,,6.5,4.0,494(+2),[西] 浜田多実,202408010108
2,8,16,ディアサクセサー,牡4,58.0,武豊,1:12.0,クビ,3.7,1.0,528(+4),[西] 松永幹夫,202408010108
3,5,9,リュウ,牡4,58.0,松山弘平,1:12.1,1/2,6.0,3.0,526(+6),[西] 上村洋行,202408010108
4,6,12,ベンダバリラビア,牡4,55.0,今村聖奈,1:12.2,3/4,7.3,5.0,528(+6),[西] 寺島良,202408010108
5,1,1,ゼットノヴァ,牡5,58.0,幸英明,1:12.3,1,3.7,2.0,444(+2),[西] 吉田直弘,202408010108
6,3,6,オカリナ,牡7,58.0,太宰啓介,1:12.4,クビ,66.6,13.0,540(+6),[西] 宮徹,202408010108
7,7,13,ビップシュプリーム,牝5,54.0,田口貫太,1:12.5,1/2,11.9,6.0,508(+4),[西] 松下武士,202408010108
8,6,11,タイキエクセロン,牡5,58.0,国分恭介,1:12.9,2.1/2,20.4,7.0,506(+4),[西] 西園翔太,202408010108
9,4,8,テンメジャーガール,牝5,56.0,菱田裕二,1:12.9,ハナ,135.6,15.0,502(+10),[西] 高柳大輔,202408010108
10,8,15,スカーレットジンク,牡6,58.0,藤岡康太,1:13.1,1.1/4,55.2,10.0,476(0),[西] 宮徹,202408010108
11,1,2,ブラーヴ,牡4,55.0,川端海翼,1:13.2,アタマ,130.3,14.0,500(+10),[西] 加用正,202408010108
12,5,10,フクノワカバ,牝4,53.0,鷲頭虎太,1:13.2,クビ,61.1,12.0,458(+16),[西] 杉山佳明,202408010108
13,4,7,エクサープト,牝5,52.0,河原田菜,1:13.8,3.1/2,61.0,11.0,492(+6),[西] 石坂公一,202408010108
14,7,14,テイエムフェロー,牡5,58.0,田中健,1:14.5,4,38.2,8.0,490(+8),[西] 飯田雄三,202408010108
15,3,5,ナツイロノオトメ,牝5,53.0,西塚洸二,1:14.6,クビ,194.9,16.0,486(-14),[西] 角田晃一,202408010108
16,2,3,ロードジャスティス,牡5,55.0,永島まな,1:15.0,2.1/2,47.1,9.0,486(+24),[西] 安田隆行,202408010108
1,5,6,モズリッキー,牡5,58.0,松山弘平,1:23.5,,3.7,2.0,476(+4),[西] 上村洋行,202408010109
2,1,1,サトノルフィアン,牡5,58.0,斎藤新,1:23.6,1/2,5.3,3.0,522(+2),[西] 高橋康之,202408010109
3,5,5,フォーチュンテラー,牡5,58.0,鮫島克駿,1:24.2,3.1/2,12.8,5.0,484(+6),[西] 浜田多実,202408010109
4,7,9,コパノパサディナ,牡4,57.0,岩田望来,1:24.2,クビ,15.0,6.0,522(+6),[西] 村山明,202408010109
5,2,2,メイショウヒューマ,牡6,58.0,藤岡康太,1:24.2,ハナ,32.4,9.0,506(+14),[西] 藤岡健一,202408010109
6,6,8,シアージスト,牡5,58.0,藤岡佑介,1:24.4,3/4,7.2,4.0,568(0),[東] 堀宣行,202408010109
7,7,10,ナムラフランク,牡5,58.0,ルメート,1:24.5,1/2,18.6,8.0,498(-6),[西] 鈴木孝志,202408010109
8,6,7,マイネルプロンプト,セ12,58.0,田口貫太,1:24.6,3/4,238.0,12.0,486(+4),[西] 坂口智康,202408010109
9,3,3,ヴァンデリオン,牡7,58.0,幸英明,1:25.0,2.1/2,84.9,10.0,486(-10),[東] 根本康広,202408010109
10,4,4,ウインアキレウス,牡6,58.0,和田竜二,1:25.2,1.1/2,110.7,11.0,510(+8),[西] 加用正,202408010109
11,8,11,インヒズアイズ,牝4,55.0,坂井瑠星,1:26.1,5,2.9,1.0,476(+4),[西] 矢作芳人,202408010109
12,8,12,ブレーヴジャッカル,セ6,58.0,浜中俊,1:26.2,3/4,17.2,7.0,470(+14),[西] 長谷川浩,202408010109
1,4,4,メイショウブレゲ,牡5,54.0,酒井学,3:05.3,,6.2,4.0,474(+10),[西] 本田優,202408010110
2,8,13,ウインルーティン,牡4,52.0,角田大河,3:05.4,3/4,5.5,3.0,472(0),[西] 長谷川浩,202408010110
3,2,2,メロディーレーン,牝8,52.0,幸英明,3:05.6,1.1/4,23.5,7.0,358(0),[西] 森田直行,202408010110
4,6,9,ジャンカズマ,牡6,54.0,小沢大仁,3:05.7,クビ,53.2,10.0,492(-6),[西] 小栗実,202408010110
5,5,7,ワンダフルタウン,牡6,57.0,藤岡康太,3:05.8,1/2,45.8,9.0,476(+2),[西] 高橋義忠,202408010110
6,6,8,プリュムドール,牝6,54.0,岩田康誠,3:05.9,1/2,2.7,1.0,482(+4),[西] 奥村豊,202408010110
7,3,3,アスティ,セ8,50.0,松若風馬,3:06.0,クビ,136.9,13.0,428(+8),[東] 堀内岳志,202408010110
8,7,10,ディナースタ,牡5,56.0,藤岡佑介,3:06.1,3/4,4.8,2.0,478(+2),[西] 辻野泰之,202408010110
9,7,11,セファーラジエル,牡6,56.0,ルメート,3:06.1,ハナ,9.5,5.0,524(-4),[西] 高柳大輔,202408010110
10,5,6,アップデート,牡5,52.0,和田竜二,3:06.3,1.1/4,11.4,6.0,508(+2),[西] 杉山晴紀,202408010110
11,1,1,ビジン,牝5,53.0,岩田望来,3:07.6,8,31.4,8.0,466(+6),[西] 武英智,202408010110
12,4,5,フォワードアゲン,セ7,54.0,西村淳也,3:07.9,2,60.3,11.0,436(-2),[東] 中野栄治,202408010110
13,8,12,ボスジラ,牡8,57.0,吉田隼人,3:09.0,7,84.0,12.0,522(+18),[東] 国枝栄,202408010110
1,1,2,コレペティトール,牡4,54.0,岩田康誠,1:33.8,,16.5,8.0,480(-2),[西] 中竹和也,202408010111
2,6,11,セッション,牡4,55.0,坂井瑠星,1:33.9,1/2,6.2,3.0,514(-6),[西] 斉藤崇史,202408010111
3,2,4,トゥードジボン,牡5,55.0,藤岡佑介,1:33.9,アタマ,5.4,1.0,488(+2),[西] 四位洋文,202408010111
4,8,18,アヴェラーレ,牝6,56.0,ルメート,1:34.1,1.1/4,10.5,6.0,448(+2),[東] 木村哲也,202408010111
5,8,17,フリームファクシ,牡4,56.0,川田将雅,1:34.2,3/4,8.9,5.0,512(+4),[西] 須貝尚介,202408010111
6,1,1,メイショウシンタケ,牡6,57.0,浜中俊,1:34.4,3/4,11.5,7.0,478(+10),[西] 千田輝彦,202408010111
7,4,7,タイムトゥヘヴン,牡6,57.0,幸英明,1:34.5,3/4,56.2,13.0,490(+2),[東] 戸田博文,202408010111
8,3,5,ダノンタッチダウン,牡4,56.0,北村友一,1:34.6,1/2,18.5,10.0,546(0),[西] 安田隆行,202408010111
9,2,3,ルプリュフォール,セ8,57.0,秋山真一,1:34.8,1.1/4,134.4,17.0,502(0),[西] 松永幹夫,202408010111
10,5,10,アンドヴァラナウト,牝6,55.5,武豊,1:34.8,クビ,18.0,9.0,464(+12),[西] 池添学,202408010111
11,7,14,アルナシーム,牡5,57.0,鮫島克駿,1:34.8,アタマ,5.8,2.0,446(+6),[西] 橋口慎介,202408010111
12,4,8,サヴァ,牡6,56.0,松若風馬,1:34.9,クビ,163.0,18.0,540(+10),[西] 上村洋行,202408010111
13,5,9,セルバーグ,牡5,57.0,松山弘平,1:35.0,1/2,20.6,11.0,440(+4),[西] 鈴木孝志,202408010111
14,7,15,ドーブネ,牡5,58.5,吉田隼人,1:35.1,3/4,7.4,4.0,482(+10),[西] 武幸四郎,202408010111
15,6,12,ビューティフルデイ,牝6,55.0,西村淳也,1:35.2,3/4,81.9,14.0,450(-4),[東] 国枝栄,202408010111
16,7,13,マテンロウオリオン,牡5,58.0,太宰啓介,1:35.4,1.1/4,31.1,12.0,488(+8),[西] 昆貢,202408010111
17,3,6,シャイニーロック,牡8,57.0,酒井学,1:35.5,クビ,118.6,15.0,510(+2),[西] 佐々木晶,202408010111
18,8,16,ドルチェモア,牡4,56.0,団野大成,1:35.7,1.1/4,125.9,16.0,474(-2),[東] 上原佑紀,202408010111
1,1,1,アスクオンディープ,セ5,55.0,西塚洸二,1:47.3,,21.4,8.0,494(+2),[西] 河内洋,202408010112
2,1,2,ルクスビッグスター,牡4,57.0,岩田望来,1:47.5,1.1/4,11.5,4.0,474(-2),[西] 清水久詞,202408010112
3,3,5,ティムール,牡4,57.0,鮫島克駿,1:47.5,クビ,4.0,2.0,460(-4),[西] 中竹和也,202408010112
4,8,15,ノーブルライジング,牡4,57.0,国分恭介,1:47.9,2,28.5,9.0,508(+22),[西] 宮本博,202408010112
5,3,6,ヴィトーリア,牡6,58.0,富田暁,1:47.9,ハナ,86.5,14.0,444(-6),[西] 武英智,202408010112
6,5,10,トリオンファルマン,牝4,54.0,角田大和,1:47.9,クビ,53.8,12.0,426(0),[西] 笹田和秀,202408010112
7,6,12,アンテロース,牡4,57.0,吉田隼人,1:48.2,1.3/4,21.1,7.0,450(+4),[西] 岡田稲男,202408010112
8,2,4,ロードマンハイム,牡4,57.0,モリス,1:48.2,ハナ,15.2,5.0,508(-6),[西] 友道康夫,202408010112
9,5,9,ワンダイレクト,牡4,57.0,武豊,1:48.6,2.1/2,4.1,3.0,450(+8),[西] 藤岡健一,202408010112
10,2,3,ジーニアスバローズ,牡4,57.0,菱田裕二,1:48.7,クビ,19.0,6.0,468(+6),[西] 辻野泰之,202408010112
11,4,8,コナブラック,牡5,58.0,ルメート,1:49.2,3,72.1,13.0,522(+4),[西] 清水久詞,202408010112
12,6,11,マグマオーシャン,牡5,58.0,松山弘平,1:49.3,3/4,149.7,16.0,506(0),[東] 武藤善則,202408010112
13,7,13,シルヴァーデューク,牡4,57.0,川田将雅,1:49.4,3/4,3.2,1.0,458(0),[西] 西村真幸,202408010112
14,4,7,フォーサイドナイン,牡4,57.0,団野大成,1:49.6,1,270.0,17.0,464(0),[西] 奥村豊,202408010112
15,8,16,ニホンピロアリー,牝4,53.0,田口貫太,1:49.8,1.1/2,144.8,15.0,438(+24),[西] 中尾秀正,202408010112
16,8,17,アルファヒディ,セ5,58.0,西村淳也,1:49.8,アタマ,47.1,11.0,494(+4),[西] 池江泰寿,202408010112
17,7,14,マテンロウボンド,牡5,58.0,藤岡佑介,1:50.5,4,31.9,10.0,504(+20),[西] 野中賢二,202408010112
1,5,9,カツラノキサノキ,牡3,57.0,川田将雅,1:55.3,,6.4,4.0,484(-4),[西] 庄野靖志,202408010201
2,4,8,ベラジオラオウ,牡3,57.0,岩田望来,1:55.3,クビ,2.9,1.0,478(+4),[西] 上村洋行,202408010201
3,4,7,サンティヨン,牡3,55.0,田口貫太,1:56.0,4,125.0,11.0,440(0),[西] 大根田裕,202408010201
3,8,15,レグロスヴァーグ,牡3,57.0,ルメート,1:56.0,同着,111.9,10.0,506(-2),[西] 鈴木孝志,202408010201
5,1,2,ケイアイアンタレス,牡3,57.0,藤懸貴志,1:56.0,ハナ,335.7,13.0,460(0),[西] 平田修,202408010201
6,7,14,ケロシンドリームズ,牡3,57.0,幸英明,1:56.4,2.1/2,4.8,3.0,516(-2),[西] 新谷功一,202408010201
7,8,16,タイセイマーシャル,牡3,57.0,松若風馬,1:56.5,1/2,12.1,6.0,480(-6),[西] 杉山晴紀,202408010201
8,7,13,メイショウモモタ,牡3,57.0,藤岡佑介,1:56.6,クビ,92.0,9.0,468(+4),[西] 高橋義忠,202408010201
9,2,3,マテンロウタイム,牡3,57.0,横山典弘,1:56.9,2,16.1,7.0,470(-2),[西] 昆貢,202408010201
10,5,10,ジョーインテビット,牡3,54.0,永島まな,1:57.0,1/2,44.9,8.0,550(+4),[西] 中竹和也,202408010201
11,3,6,ドレフォンエンゼル,牝3,55.0,国分恭介,1:57.4,2.1/2,210.8,12.0,468(-2),[西] 牧田和弥,202408010201
12,3,5,ジャスパーサン,牡3,56.0,松本大輝,1:57.5,クビ,412.0,15.0,482(-2),[西] 森秀行,202408010201
13,2,4,タイセイガスト,牡3,54.0,西塚洸二,1:57.7,1.1/2,408.3,14.0,488(-6),[西] 浜田多実,202408010201
14,1,1,スマートレザルト,牡3,57.0,和田竜二,1:57.9,3/4,10.0,5.0,460(0),[西] 吉田直弘,202408010201
15,6,12,ミナデオロ,牡3,57.0,松山弘平,1:57.9,ハナ,4.1,2.0,504(-4),[西] 藤原英昭,202408010201
16,6,11,クリノガリバー,牡3,53.0,河原田菜,1:57.9,ハナ,460.1,16.0,504(0),[西] 渡辺薫彦,202408010201
1,8,15,メイショウタムシバ,牝3,55.0,武豊,1:55.6,,3.4,1.0,420(0),[西] 飯田祐史,202408010202
2,7,12,ファセット,牝3,55.0,ルメート,1:56.5,5,14.3,7.0,492(0),[西] 斉藤崇史,202408010202
3,6,11,ナデナデ,牝3,55.0,酒井学,1:57.6,7,42.7,11.0,446(0),[西] 石坂公一,202408010202
4,5,8,クリノルイーズ,牝3,53.0,田口貫太,1:57.7,3/4,7.6,4.0,508(0),[西] 大橋勇樹,202408010202
5,4,7,ラッキーマリリン,牝3,55.0,和田竜二,1:57.7,クビ,14.2,6.0,458(0),[西] 鈴木孝志,202408010202
6,2,3,カンカール,牝3,52.0,永島まな,1:58.0,1.1/2,11.7,5.0,448(0),[西] 池添学,202408010202
7,6,10,バタフライロック,牝3,54.0,角田大河,1:58.0,クビ,22.4,9.0,462(0),[西] 新谷功一,202408010202
8,8,14,アマンディーヌ,牝3,55.0,吉田隼人,1:58.1,1/2,42.4,10.0,426(0),[西] 畑端省吾,202408010202
9,3,4,アムールベル,牝3,55.0,田中健,1:58.2,クビ,124.8,13.0,436(0),[西] 荒川義之,202408010202
10,7,13,ミヤジブリヤン,牝3,55.0,浜中俊,1:59.3,7,3.9,2.0,496(0),[西] 武幸四郎,202408010202
11,4,6,タマモナポリ,牝3,52.0,西塚洸二,1:59.4,クビ,101.0,12.0,460(0),[西] 新谷功一,202408010202
12,3,5,ファストフライト,牝3,55.0,松山弘平,1:59.9,3,5.7,3.0,480(0),[西] 宮本博,202408010202
13,1,1,モニーレ,牝3,55.0,岩田望来,2:00.1,1,16.0,8.0,458(0),[西] 茶木太樹,202408010202
14,5,9,ジョウショーローズ,牝3,54.0,松本大輝,2:00.2,3/4,204.9,14.0,440(0),[西] 新谷功一,202408010202
除,2,2,シンコーナホチャン,牝3,55.0,秋山真一,,,---,,472(0),[西] 畑端省吾,202408010202
1,6,11,パトジュニア,牡3,57.0,武豊,1:26.7,,8.0,3.0,504(-2),[西] 小崎憲,202408010203
2,4,8,ルディック,牡3,57.0,ルメート,1:26.8,1/2,1.4,1.0,512(+6),[西] 高野友和,202408010203
3,1,1,サンノーブル,セ3,57.0,和田翼,1:26.9,3/4,16.4,5.0,468(+10),[西] 谷潔,202408010203
4,8,16,ピンネシリ,牡3,57.0,松若風馬,1:27.1,1.1/4,205.1,15.0,472(+6),[西] 音無秀孝,202408010203
5,5,9,タイセイアレス,牡3,57.0,団野大成,1:27.3,1.1/4,119.7,13.0,476(+2),[西] 西村真幸,202408010203
6,3,6,ナムラビオラ,牝3,55.0,幸英明,1:27.8,3,26.2,6.0,426(+6),[西] 大橋勇樹,202408010203
7,4,7,リアルモハメド,牡3,57.0,岩田康誠,1:27.9,クビ,34.3,7.0,494(-2),[西] 清水久詞,202408010203
8,2,4,タイセイファルクス,牡3,57.0,川須栄彦,1:28.1,1.1/2,89.3,11.0,492(+2),[西] 小林真也,202408010203
9,7,13,クリノキングマン,牡3,54.0,永島まな,1:28.2,1/2,5.7,2.0,504(0),[西] 高橋康之,202408010203
10,8,15,ハクサンシャトル,牡3,57.0,鮫島良太,1:28.5,1.3/4,77.9,9.0,444(-6),[西] 飯田雄三,202408010203
11,6,12,マーベリックシチー,牡3,57.0,富田暁,1:28.5,アタマ,15.3,4.0,454(+6),[西] 岡田稲男,202408010203
12,1,2,メイショウポワロ,牝3,52.0,今村聖奈,1:28.5,ハナ,102.0,12.0,428(+4),[西] 笹田和秀,202408010203
13,5,10,カフジホルミウム,牡3,57.0,古川吉洋,1:28.7,1.1/4,44.7,8.0,506(+4),[西] 木原一良,202408010203
14,3,5,エーケーリターン,牡3,57.0,城戸義政,1:28.7,ハナ,175.6,14.0,460(0),[西] 奥村豊,202408010203
15,7,14,ダイキリ,牡3,55.0,田口貫太,1:28.7,アタマ,85.2,10.0,516(+2),[西] 西園翔太,202408010203
16,2,3,アスターエルビウム,セ3,53.0,河原田菜,1:28.9,1.1/4,297.9,16.0,488(-2),[西] 木原一良,202408010203
1,4,7,エメラルドビーチ,牡4,58.0,岩田望来,1:12.6,,2.4,1.0,534(+2),[西] 大久保龍,202408010204
2,1,1,マイネルフォーコン,牡4,58.0,川田将雅,1:12.8,1.1/2,3.5,2.0,484(+6),[西] 西園翔太,202408010204
3,7,14,マイネルサンテ,牡4,56.0,田口貫太,1:13.1,1.1/2,275.8,16.0,474(0),[西] 緒方努,202408010204
4,1,2,ルワンジュ,牡5,58.0,藤懸貴志,1:13.4,1.3/4,95.9,13.0,504(+14),[西] 千田輝彦,202408010204
5,6,12,ゴッドセンド,牡4,55.0,西塚洸二,1:13.6,1.1/2,9.8,4.0,500(+16),[西] 浜田多実,202408010204
6,2,4,カレンチャンキー,牝4,56.0,秋山真一,1:13.7,1/2,19.7,7.0,472(-2),[西] 鈴木孝志,202408010204
7,8,15,マルモリキング,牡4,58.0,和田竜二,1:13.9,1.1/4,6.2,3.0,538(0),[西] 大橋勇樹,202408010204
8,4,8,レインメーカー,牡4,58.0,藤岡康太,1:14.1,1.1/4,44.5,9.0,456(+20),[西] 安田翔伍,202408010204
9,5,10,デアデルマーレ,牝4,56.0,吉田隼人,1:14.2,1/2,15.0,5.0,484(+2),[西] 坂口智康,202408010204
10,6,11,ビリーズバウンス,牡5,55.0,永島まな,1:14.4,1.1/2,104.5,14.0,488(-4),[西] 武幸四郎,202408010204
11,3,5,アインシュペンナー,牝5,56.0,鮫島克駿,1:14.5,クビ,15.4,6.0,466(+10),[西] 牧田和弥,202408010204
12,7,13,クラップアンドチア,牡5,58.0,亀田温心,1:14.5,ハナ,40.9,8.0,530(+19),[西] 北出成人,202408010204
13,2,3,メイショウヒュウガ,牡4,58.0,団野大成,1:14.9,2.1/2,45.3,10.0,486(+2),[西] 安達昭夫,202408010204
14,3,6,ディアドコス,牡4,57.0,松本大輝,1:14.9,アタマ,89.8,12.0,498(+20),[西] 羽月友彦,202408010204
15,5,9,グローバリスト,牡4,58.0,幸英明,1:15.2,2,52.7,11.0,502(+6),[西] 西村真幸,202408010204
16,8,16,エーティースピカ,牝4,56.0,富田暁,1:15.9,4,197.3,15.0,516(+28),[西] 木原一良,202408010204
1,8,17,グロリアラウス,牡3,57.0,ルメート,1:36.7,,23.2,6.0,498(+2),[西] 斉藤崇史,202408010205
2,6,12,ミッキースターダム,牡3,57.0,川田将雅,1:36.9,1.1/4,2.5,2.0,466(+6),[西] 音無秀孝,202408010205
3,7,14,グランエシェゾー,牝3,55.0,Ｍ．デム,1:36.9,アタマ,35.2,8.0,486(+6),[西] 新谷功一,202408010205
4,6,11,ホットサマーナイト,牝3,55.0,松山弘平,1:37.2,1.3/4,2.3,1.0,424(0),[西] 藤原英昭,202408010205
5,2,4,スターアドミラル,牡3,57.0,団野大成,1:37.4,1.1/4,10.4,4.0,478(-12),[西] 池添学,202408010205
6,3,5,リアリータイト,牝3,53.0,田口貫太,1:37.4,アタマ,65.7,10.0,468(0),[西] 佐々木晶,202408010205
7,2,3,レイム,牝3,52.0,永島まな,1:37.6,1,206.6,12.0,430(-2),[西] 高橋康之,202408010205
8,4,7,ブイキャット,牝3,55.0,横山典弘,1:37.7,クビ,28.3,7.0,414(-2),[西] 北出成人,202408010205
9,7,15,ドントレットゴー,牝3,55.0,岩田康誠,1:37.8,1,62.9,9.0,444(-6),[西] 上村洋行,202408010205
10,5,10,クスクス,牝3,54.0,松本大輝,1:37.8,クビ,124.4,11.0,476(-4),[西] 松下武士,202408010205
11,4,8,シャドフ,牝3,55.0,武豊,1:37.9,クビ,14.6,5.0,440(0),[西] 庄野靖志,202408010205
12,7,13,クリノアクアマリン,牝3,55.0,森裕太朗,1:38.2,2,560.0,16.0,414(-4),[西] 藤沢則雄,202408010205
13,3,6,ウィンカラー,牝3,55.0,古川吉洋,1:38.3,1/2,326.2,15.0,460(+14),[西] 谷潔,202408010205
14,5,9,メイショウガイフウ,牡3,56.0,角田大和,1:38.4,1/2,244.2,14.0,444(0),[西] 角田晃一,202408010205
15,8,18,ウェディングケーキ,牝3,55.0,水口優也,1:39.5,7,591.1,17.0,440(+2),[西] 羽月友彦,202408010205
16,1,1,ロードトレゾール,牡3,57.0,岩田望来,1:39.6,1/2,8.7,3.0,518(0),[西] 清水久詞,202408010205
17,1,2,クリノイザナミ,牝3,55.0,幸英明,1:42.9,大,238.6,13.0,476(-10),[西] 大根田裕,202408010205
取,8,16,コスモモアナ,牡3,56.0,角田大河,,,---,,計不,[西] 宮徹,202408010205
1,2,2,アドマイヤテラ,牡3,57.0,川田将雅,2:02.8,,2.7,1.0,488(-6),[西] 友道康夫,202408010206
2,8,9,ナムラエイハブ,牡3,57.0,和田竜二,2:03.2,2.1/2,3.7,3.0,506(+10),[西] 長谷川浩,202408010206
3,4,4,カエルム,牡3,57.0,Ｍ．デム,2:03.4,1.1/4,16.3,5.0,466(-10),[西] 安田翔伍,202408010206
4,3,3,エルサビオ,牡3,57.0,ルメート,2:03.6,1.1/4,3.6,2.0,482(0),[西] 中内田充,202408010206
5,5,5,スノーブリザード,牡3,57.0,鮫島良太,2:03.6,ハナ,344.0,9.0,486(+20),[西] 畑端省吾,202408010206
6,8,8,ブラーヴイストワル,牡3,57.0,武豊,2:03.6,アタマ,6.0,4.0,500(-4),[西] 池江泰寿,202408010206
7,1,1,ガルデルクラージュ,牡3,57.0,富田暁,2:04.8,7,60.3,8.0,500(0),[西] 武英智,202408010206
8,7,7,ヴィクトリアドール,牝3,55.0,藤岡康太,2:05.3,3,25.5,7.0,510(-4),[西] 奥村豊,202408010206
中,6,6,サンセットビュー,牝3,55.0,松山弘平,,,17.2,6.0,456(0),[西] 新谷功一,202408010206
1,7,11,ハギノサステナブル,牡4,57.0,鮫島克駿,2:00.9,,1.9,1.0,478(+2),[西] 高野友和,202408010207
2,6,9,サーティファイド,牡5,58.0,幸英明,2:01.2,2,24.0,6.0,484(+8),[西] 鮫島一歩,202408010207
3,8,12,エアフォースワン,牡5,58.0,菱田裕二,2:01.7,3,29.5,7.0,466(0),[西] 大根田裕,202408010207
4,5,6,サンデーヒーロー,牡4,55.0,田口貫太,2:01.8,クビ,53.5,10.0,478(+2),[西] 中村直也,202408010207
5,7,10,フェニックスループ,牡5,58.0,富田暁,2:02.1,2,65.1,12.0,470(0),[西] 平田修,202408010207
6,8,13,テンカオーライ,牡4,57.0,荻野極,2:02.2,クビ,18.1,5.0,502(0),[西] 松下武士,202408010207
7,4,4,リオンエトワール,牡4,57.0,国分優作,2:02.3,1/2,50.1,9.0,440(+6),[東] 堀内岳志,202408010207
8,4,5,ジョウショーパワー,牡4,57.0,岩田望来,2:02.3,アタマ,38.7,8.0,466(0),[西] 中尾秀正,202408010207
9,3,3,アマートカヴァロ,牡4,57.0,藤岡康太,2:03.1,5,94.4,13.0,478(-4),[西] 笹田和秀,202408010207
10,5,7,アドマイヤソラ,牡4,57.0,川田将雅,2:03.6,3,3.1,2.0,522(+2),[西] 友道康夫,202408010207
11,6,8,エレアイム,牝5,56.0,ルメート,2:05.0,9,64.2,11.0,494(+12),[西] 奥村豊,202408010207
12,2,2,タッチャブル,牡4,57.0,松山弘平,2:05.1,1/2,17.0,4.0,520(0),[西] 中村直也,202408010207
13,1,1,ハローサブリナ,牝5,56.0,吉田隼人,2:10.4,大,8.2,3.0,522(-4),[西] 奥村豊,202408010207
1,8,16,ガラパゴス,牡5,58.0,藤岡康太,1:25.6,,8.5,4.0,494(+6),[西] 野中賢二,202408010208
2,4,8,カセノミオ,牝4,53.0,田口貫太,1:25.7,3/4,3.0,1.0,522(-6),[西] 中尾秀正,202408010208
3,4,7,カッティングジェム,牡4,57.0,菱田裕二,1:26.4,4,45.8,11.0,514(+6),[西] 小崎憲,202408010208
4,5,9,ジャスパージェット,牡5,57.0,松本大輝,1:26.4,アタマ,157.7,13.0,518(0),[西] 森秀行,202408010208
5,5,10,テイエムファルコン,牡7,58.0,鮫島良太,1:26.7,1.1/2,283.4,16.0,520(0),[西] 飯田雄三,202408010208
6,7,14,スズカコーズ,牡4,57.0,幸英明,1:26.7,ハナ,14.1,6.0,498(0),[東] 伊藤圭三,202408010208
7,2,4,アドバンスドリーム,牡5,58.0,松若風馬,1:26.7,クビ,44.3,10.0,516(0),[西] 森秀行,202408010208
8,1,1,ヴァクストゥーム,牡7,58.0,水口優也,1:27.0,1.3/4,227.2,15.0,468(0),[西] 吉田直弘,202408010208
9,6,11,ヤマニンルリュール,牝6,56.0,富田暁,1:27.1,クビ,6.0,3.0,494(+4),[西] 木原一良,202408010208
10,2,3,シモズル,牝4,54.0,角田大河,1:27.1,ハナ,28.5,8.0,500(-2),[西] 石橋守,202408010208
11,3,5,ダイリュウホマレ,牝4,55.0,松山弘平,1:27.4,1.3/4,3.4,2.0,446(-6),[西] 橋口慎介,202408010208
12,3,6,シュガーフロート,牝5,53.0,西塚洸二,1:27.5,3/4,31.2,9.0,414(-2),[西] 高柳大輔,202408010208
13,7,13,オーガスタスカイ,牝5,56.0,ルメート,1:27.8,1.3/4,68.1,12.0,488(0),[西] 斉藤崇史,202408010208
14,1,2,グッドグロウス,牡5,58.0,国分恭介,1:28.1,1.1/2,19.2,7.0,482(+16),[西] 加用正,202408010208
15,8,15,テキサスフィズ,牝5,55.0,角田大和,1:28.7,3.1/2,161.4,14.0,464(-4),[西] 小林真也,202408010208
16,6,12,スマートカリス,牝4,55.0,岩田望来,1:29.3,3.1/2,12.7,5.0,460(-2),[西] 池江泰寿,202408010208
1,1,1,ゴールデンスナップ,牝4,55.0,浜中俊,2:26.7,,3.2,2.0,458(-8),[西] 田中克典,202408010209
2,2,2,ケイアイサンデラ,牡4,57.0,藤懸貴志,2:26.7,アタマ,5.3,3.0,438(+8),[西] 小林真也,202408010209
3,5,6,ハギノアルデバラン,牡4,57.0,川田将雅,2:27.3,3.1/2,2.9,1.0,516(0),[西] 鮫島一歩,202408010209
4,7,9,カンティプール,牝5,56.0,和田竜二,2:27.5,1.1/4,24.1,6.0,500(-4),[西] 渡辺薫彦,202408010209
5,8,11,ジューンアヲニヨシ,牡4,57.0,藤岡康太,2:28.3,5,5.5,4.0,478(-4),[西] 松下武士,202408010209
6,3,3,リミットバスター,牡4,57.0,高倉稜,2:28.4,3/4,7.1,5.0,516(-8),[西] 杉山晴紀,202408010209
7,6,8,アスカノミライ,牡6,58.0,松山弘平,2:28.6,1.1/4,128.0,8.0,530(0),[西] 川村禎彦,202408010209
8,4,4,ダディーズトリップ,牡8,58.0,秋山真一,2:28.7,1/2,152.8,11.0,456(0),[西] 千田輝彦,202408010209
9,5,5,ダノンピーカブー,牡5,58.0,幸英明,2:28.8,1/2,134.6,10.0,488(+2),[西] 大久保龍,202408010209
10,7,10,レッドエンヴィー,牡8,58.0,田口貫太,2:28.8,クビ,44.0,7.0,508(+2),[西] 坂口智康,202408010209
11,6,7,クリノキングボス,牡7,58.0,酒井学,2:30.4,10,420.8,12.0,478(-8),[東] 天間昭一,202408010209
12,8,12,グローツラング,牡5,58.0,鮫島克駿,2:32.1,10,129.2,9.0,528(-2),[西] 安達昭夫,202408010209
1,4,5,サンライズロナウド,牡5,58.0,横山典弘,1:22.5,,4.5,2.0,476(-2),[西] 安田隆行,202408010210
2,6,9,レベレンシア,牡5,58.0,鮫島克駿,1:22.5,クビ,7.5,4.0,504(0),[西] 安田翔伍,202408010210
3,7,11,サトノペルセウス,セ6,58.0,西塚洸二,1:22.6,クビ,51.5,9.0,474(-6),[西] 藤原英昭,202408010210
4,5,7,ブルーシンフォニー,牡6,58.0,岩田望来,1:22.6,クビ,19.6,7.0,482(0),[東] 伊藤圭三,202408010210
5,8,13,ドグマ,牡5,58.0,戸崎圭太,1:22.6,ハナ,20.1,8.0,494(-8),[西] 武幸四郎,202408010210
6,6,8,アステロイドベルト,セ7,58.0,松山弘平,1:22.8,1,8.0,5.0,488(-2),[西] 池江泰寿,202408010210
7,1,1,ベルクレスタ,牝5,56.0,川田将雅,1:22.8,クビ,3.0,1.0,488(+2),[西] 須貝尚介,202408010210
8,7,10,ハギノメーテル,牝5,56.0,藤懸貴志,1:22.9,1/2,57.6,10.0,494(-4),[西] 寺島良,202408010210
9,5,6,メイショウドウドウ,牡9,58.0,浜中俊,1:23.0,1/2,107.3,12.0,498(0),[西] 荒川義之,202408010210
10,2,2,タガノペカ,牝6,56.0,国分恭介,1:23.2,1.1/4,5.2,3.0,510(+2),[西] 西園翔太,202408010210
11,8,12,ワンスカイ,牡7,58.0,幸英明,1:23.3,1/2,255.1,13.0,510(+4),[東] 斎藤誠,202408010210
12,3,3,ショウリュウレーヴ,牡6,58.0,団野大成,1:23.5,1.1/2,10.4,6.0,512(+2),[西] 佐々木晶,202408010210
13,4,4,エグレムニ,牡7,58.0,川須栄彦,1:23.7,3/4,81.2,11.0,510(-2),[西] 加用正,202408010210
1,7,13,テーオーステルス,牡5,57.0,川田将雅,1:24.5,,11.2,5.0,540(0),[西] 奥村豊,202408010211
2,8,14,スマートフォルス,牡4,56.0,武豊,1:24.6,3/4,5.1,2.0,482(+2),[西] 吉村圭司,202408010211
3,2,2,サンライズアムール,牡5,58.0,松山弘平,1:24.6,ハナ,5.8,3.0,520(-6),[西] 小林真也,202408010211
4,4,7,タガノクリステル,牝5,56.0,和田竜二,1:24.9,1.3/4,21.9,6.0,496(-2),[西] 長谷川浩,202408010211
5,8,15,デシエルト,牡5,58.0,戸崎圭太,1:24.9,ハナ,2.0,1.0,532(0),[西] 安田隆行,202408010211
6,3,5,クインズメリッサ,牝6,55.0,藤懸貴志,1:25.0,クビ,93.1,11.0,484(0),[西] 宮本博,202408010211
7,2,3,サトノテンペスト,牡6,57.0,Ｍ．デム,1:25.1,3/4,37.3,8.0,512(0),[西] 高橋亮,202408010211
8,7,12,タイセイアベニール,牡9,58.0,鮫島克駿,1:25.2,クビ,343.8,15.0,498(+4),[西] 西村真幸,202408010211
9,4,6,メタマックス,牡4,56.0,岩田望来,1:25.2,ハナ,7.0,4.0,522(-6),[西] 森秀行,202408010211
10,5,9,メイショウカズサ,牡7,61.0,団野大成,1:25.2,ハナ,94.7,12.0,490(+6),[西] 安達昭夫,202408010211
11,6,11,ナンヨーアイボリー,牝6,55.0,ルメート,1:26.7,9,194.6,14.0,430(-4),[西] 松永幹夫,202408010211
12,1,1,ワルツフォーラン,牝7,55.0,酒井学,1:27.4,4,93.0,10.0,488(+6),[東] 小西一男,202408010211
13,6,10,エンペザー,牡5,57.0,吉田隼人,1:27.6,1.1/2,29.2,7.0,502(+2),[西] 田中克典,202408010211
14,3,4,プルパレイ,セ5,58.0,モリス,1:28.4,5,65.6,9.0,490(-6),[西] 須貝尚介,202408010211
15,5,8,メイショウテンスイ,牡7,58.0,松若風馬,1:29.6,7,123.1,13.0,548(+10),[西] 河内洋,202408010211
1,5,5,イラーレ,牝5,56.0,幸英明,1:09.5,,5.6,3.0,460(0),[西] 北出成人,202408010212
2,8,11,キタノエクスプレス,牡6,58.0,国分優作,1:09.5,ハナ,55.3,10.0,518(+18),[西] 坂口智康,202408010212
3,2,2,アンフィニドール,牝6,56.0,岩田望来,1:09.5,アタマ,4.9,2.0,490(-10),[西] 千田輝彦,202408010212
4,5,6,ベンガン,牡7,58.0,戸崎圭太,1:09.6,1/2,13.2,8.0,474(-2),[西] 千田輝彦,202408010212
5,3,3,グランツベリー,牝4,54.0,田口貫太,1:09.7,クビ,3.1,1.0,446(+6),[西] 田中克典,202408010212
6,6,7,スマートルシーダ,牡6,58.0,武豊,1:09.7,クビ,6.5,4.0,472(0),[西] 音無秀孝,202408010212
7,8,12,ガリレイ,セ7,57.0,角田大河,1:09.9,1,9.9,5.0,512(-4),[西] 高橋亮,202408010212
8,7,9,エールレヴリー,牝4,56.0,富田暁,1:09.9,クビ,11.9,6.0,480(-10),[西] 武英智,202408010212
9,4,4,スズノヤマト,セ7,58.0,古川吉洋,1:09.9,ハナ,226.6,12.0,456(-12),[東] 尾関知人,202408010212
10,7,10,ビッグボーンリタ,牝4,53.0,永島まな,1:10.0,クビ,77.2,11.0,462(+6),[西] 高橋康之,202408010212
11,1,1,バレリーナ,牝4,56.0,モリス,1:10.0,クビ,12.5,7.0,458(-6),[西] 清水久詞,202408010212
12,6,8,テンジュイン,牝7,52.0,河原田菜,1:10.8,5,37.1,9.0,462(-6),[西] 千田輝彦,202408010212
